formula,material_id,band_gap,efermi,energy_above_hull,comp_atoms,sorted_keys_comp_atoms,comp_number,new_formula
B10H11C2,mp-1229024,5.749499999999999,2.5825762,0.0,"{5: 10, 1: 11, 6: 2}","[1, 5, 6]",11151062,B10H11C2
LiCa2HC3,mp-1104693,1.2992,3.79123141,0.0,"{3: 1, 20: 2, 1: 1, 6: 3}","[1, 3, 6, 20]",113163202,Li1Ca2H1C3
Ti2HC,mp-1217074,0.0,6.91225811,0.0,"{22: 2, 1: 1, 6: 1}","[1, 6, 22]",1161222,Ti2H1C1
Zr2HC,mp-1215471,0.0,4.73013357,0.0,"{40: 2, 1: 1, 6: 1}","[1, 6, 40]",1161402,Zr2H1C1
Hf2HC,mp-1224333,0.0,6.01414807,0.0,"{72: 2, 1: 1, 6: 1}","[1, 6, 72]",1161722,Hf2H1C1
NaHCO3,mp-696396,5.282900000000001,-0.34891957,0.0,"{11: 1, 1: 1, 6: 1, 8: 3}","[1, 6, 8, 11]",116183111,Na1H1C1O3
KHCO3,mp-634431,4.9811,-0.73550765,0.0,"{19: 1, 1: 1, 6: 1, 8: 3}","[1, 6, 8, 19]",116183191,K1H1C1O3
CsHCO3,mp-1238754,4.9478,4.66457798,0.0,"{55: 1, 1: 1, 6: 1, 8: 3}","[1, 6, 8, 55]",116183551,Cs1H1C1O3
NdHCO4,mp-1220134,5.2688999999999995,1.00616747,0.0,"{60: 1, 1: 1, 6: 1, 8: 4}","[1, 6, 8, 60]",116184601,Nd1H1C1O4
SmHCO4,mp-1219040,5.2934,1.03080156,0.0,"{62: 1, 1: 1, 6: 1, 8: 4}","[1, 6, 8, 62]",116184621,Sm1H1C1O4
GdHCO4,mp-1224646,2.8483,1.06202351,0.0,"{64: 1, 1: 1, 6: 1, 8: 4}","[1, 6, 8, 64]",116184641,Gd1H1C1O4
TbH(CO2)3,mp-1194953,3.3288,3.69578108,0.0,"{65: 1, 1: 1, 6: 3, 8: 6}","[1, 6, 8, 65]",116386651,Tb1H1C3O6
PH18PtC6S3BrF6,mp-1204443,3.0185,-1.30814338,0.0,"{15: 1, 1: 18, 78: 1, 6: 6, 16: 3, 35: 1, 9: 6}","[1, 6, 9, 15, 16, 35, 78]",1186696151163351781,P1H18Pt1C6S3Br1F6
NaAlH2CO5,mp-644506,4.943,0.82828263,0.0,"{11: 1, 13: 1, 1: 2, 6: 1, 8: 5}","[1, 6, 8, 11, 13]",126185111131,Na1Al1H2C1O5
KAlH2CO5,mp-644285,5.0845,0.52932433,0.0,"{19: 1, 13: 1, 1: 2, 6: 1, 8: 5}","[1, 6, 8, 13, 19]",126185131191,K1Al1H2C1O5
Na7AlH2C4(O3F)4,mp-707443,4.805499999999999,0.44492619,0.0,"{11: 7, 13: 1, 1: 2, 6: 4, 8: 12, 9: 4}","[1, 6, 8, 9, 11, 13]",126481294117131,Na7Al1H2C4O12F4
Na4Cd3H2(C2O7)2,mp-1195487,2.6660000000000004,3.33094958,0.0,"{11: 4, 48: 3, 1: 2, 6: 4, 8: 14}","[1, 6, 8, 11, 48]",1264814114483,Na4Cd3H2C4O14
K2H3CO4F,mp-1191702,4.766500000000001,-1.50231067,0.0,"{19: 2, 1: 3, 6: 1, 8: 4, 9: 1}","[1, 6, 8, 9, 19]",13618491192,K2H3C1O4F1
Na5H3(CO3)4,mp-730460,4.9055,0.28684821,0.0,"{11: 5, 1: 3, 6: 4, 8: 12}","[1, 6, 8, 11]",1364812115,Na5H3C4O12
Zr5Si6H36C12(Br10O3)2,mp-1196506,2.1936999999999998,-1.26530714,0.0,"{40: 5, 14: 6, 1: 36, 6: 12, 35: 20, 8: 6}","[1, 6, 8, 14, 35, 40]",136612861463520405,Zr5Si6H36C12Br20O6
H4C,mp-1021328,7.6375,-6.83573931,0.0,"{1: 4, 6: 1}","[1, 6]",1461,H4C1
Ho2H4CO7,mp-697339,4.9922,0.28258092,0.0,"{67: 2, 1: 4, 6: 1, 8: 7}","[1, 6, 8, 67]",146187672,Ho2H4C1O7
Rb4H4C3O10,mp-863420,4.0445,-0.16058932,0.0,"{37: 4, 1: 4, 6: 3, 8: 10}","[1, 6, 8, 37]",1463810374,Rb4H4C3O10
Na5ScH4(C2O7)2,mp-24144,4.837,-0.50341897,0.0,"{11: 5, 21: 1, 1: 4, 6: 4, 8: 14}","[1, 6, 8, 11, 21]",1464814115211,Na5Sc1H4C4O14
Na5LuH4(C2O7)2,mp-1195683,4.793100000000001,-0.6891062,0.0,"{11: 5, 71: 1, 1: 4, 6: 4, 8: 14}","[1, 6, 8, 11, 71]",1464814115711,Na5Lu1H4C4O14
B5H5CI,mp-1202707,4.2014,-1.67538265,0.0,"{5: 5, 1: 5, 6: 1, 53: 1}","[1, 5, 6, 53]",155561531,B5H5C1I1
PH5CO3,mp-1204941,5.935700000000001,3.63182741,0.0,"{15: 1, 1: 5, 6: 1, 8: 3}","[1, 6, 8, 15]",156183151,P1H5C1O3
K2NaH5(CO4)2,mp-505771,4.3382000000000005,-0.63285649,0.0,"{19: 2, 11: 1, 1: 5, 6: 2, 8: 8}","[1, 6, 8, 11, 19]",156288111192,K2Na1H5C2O8
Rb2NaH5(CO4)2,mp-505772,4.1978,-0.65188422,0.0,"{37: 2, 11: 1, 1: 5, 6: 2, 8: 8}","[1, 6, 8, 11, 37]",156288111372,Rb2Na1H5C2O8
K2NaZn2H5(C2O7)2,mp-766427,4.3942,0.12847175,0.0,"{19: 2, 11: 1, 30: 2, 1: 5, 6: 4, 8: 14}","[1, 6, 8, 11, 19, 30]",1564814111192302,K2Na1Zn2H5C4O14
Rb2NaZn2H5(C2O7)2,mp-766230,4.057099999999999,-0.04655307,0.0,"{37: 2, 11: 1, 30: 2, 1: 5, 6: 4, 8: 14}","[1, 6, 8, 11, 30, 37]",1564814111302372,Rb2Na1Zn2H5C4O14
AgB11H6CBr6,mp-703539,3.2973,-0.75232231,0.0,"{47: 1, 5: 11, 1: 6, 6: 1, 35: 6}","[1, 5, 6, 35, 47]",1651161356471,Ag1B11H6C1Br6
Cs2H6CO6,mp-758948,4.0513,-0.12932787,0.0,"{55: 2, 1: 6, 6: 1, 8: 6}","[1, 6, 8, 55]",166186552,Cs2H6C1O6
AlH6C2SeCl3,mp-1200831,4.6429,-1.74818387,0.0,"{13: 1, 1: 6, 6: 2, 34: 1, 17: 3}","[1, 6, 13, 17, 34]",1662131173341,Al1H6C2Se1Cl3
TaH6C2SeCl5,mp-1192701,2.2733,-1.23528985,0.0,"{73: 1, 1: 6, 6: 2, 34: 1, 17: 5}","[1, 6, 17, 34, 73]",1662175341731,Ta1H6C2Se1Cl5
GaH6C2SeI3,mp-1201119,2.6612,-0.44034465,0.0,"{31: 1, 1: 6, 6: 2, 34: 1, 53: 3}","[1, 6, 31, 34, 53]",1662311341533,Ga1H6C2Se1I3
SrAl2H6C2O11,mp-1208735,5.103899999999999,0.95506092,0.0,"{38: 1, 13: 2, 1: 6, 6: 2, 8: 11}","[1, 6, 8, 13, 38]",1662811132381,Sr1Al2H6C2O11
PuP2H6(CO3)2,mp-1204667,0.38249999999999984,1.73882602,0.0,"{94: 1, 15: 2, 1: 6, 6: 2, 8: 6}","[1, 6, 8, 15, 94]",166286152941,Pu1P2H6C2O6
K4H6C2O9,mp-542043,3.8796,-0.25809288,0.0,"{19: 4, 1: 6, 6: 2, 8: 9}","[1, 6, 8, 19]",166289194,K4H6C2O9
Rb4H6C2O9,mp-542063,3.9848,-0.20150889,0.0,"{37: 4, 1: 6, 6: 2, 8: 9}","[1, 6, 8, 37]",166289374,Rb4H6C2O9
PrH6(CO3)3,mp-1209824,3.4398,2.38462082,0.0,"{59: 1, 1: 6, 6: 3, 8: 9}","[1, 6, 8, 59]",166389591,Pr1H6C3O9
AlH7C2SCl4,mp-1198123,4.6652000000000005,-1.96336114,0.0,"{13: 1, 1: 7, 6: 2, 16: 1, 17: 4}","[1, 6, 13, 16, 17]",1762131161174,Al1H7C2S1Cl4
AlPH8(CCl2)2,mp-569751,5.4006,-1.89658914,0.0,"{13: 1, 15: 1, 1: 8, 6: 2, 17: 4}","[1, 6, 13, 15, 17]",1862131151174,Al1P1H8C2Cl4
K2MgH8(CO5)2,mp-757963,4.5358,-0.39302479,0.0,"{19: 2, 12: 1, 1: 8, 6: 2, 8: 10}","[1, 6, 8, 12, 19]",1862810121192,K2Mg1H8C2O10
Rb2MgH8(CO5)2,mp-24606,4.3182,-0.50042627,0.0,"{37: 2, 12: 1, 1: 8, 6: 2, 8: 10}","[1, 6, 8, 12, 37]",1862810121372,Rb2Mg1H8C2O10
Cs2MgH8(CO5)2,mp-733936,4.4403999999999995,-0.09300056,0.0,"{55: 2, 12: 1, 1: 8, 6: 2, 8: 10}","[1, 6, 8, 12, 55]",1862810121552,Cs2Mg1H8C2O10
K2NiH8(CO5)2,mp-24573,4.3339,-0.13541191,0.0,"{19: 2, 28: 1, 1: 8, 6: 2, 8: 10}","[1, 6, 8, 19, 28]",1862810192281,K2Ni1H8C2O10
NaCa2Al4H8C4ClO20,mp-698491,5.1711,0.85124299,0.0,"{11: 1, 20: 2, 13: 4, 1: 8, 6: 4, 17: 1, 8: 20}","[1, 6, 8, 11, 13, 17, 20]",1864820111134171202,Na1Ca2Al4H8C4Cl1O20
AlPH9(CCl)3,mp-1196119,5.6312,3.41338115,0.0,"{13: 1, 15: 1, 1: 9, 6: 3, 17: 3}","[1, 6, 13, 15, 17]",1963131151173,Al1P1H9C3Cl3
P2H9(CBr)3,mp-779221,2.3988,0.04348778,0.0,"{15: 2, 1: 9, 6: 3, 35: 3}","[1, 6, 15, 35]",1963152353,P2H9C3Br3
AlSiH9C3Cl2O,mp-24308,5.6642,-2.46481438,0.0,"{13: 1, 14: 1, 1: 9, 6: 3, 17: 2, 8: 1}","[1, 6, 8, 13, 14, 17]",196381131141172,Al1Si1H9C3Cl2O1
GaPH9C3Cl3O,mp-1198682,4.9838000000000005,-2.64894325,0.0,"{31: 1, 15: 1, 1: 9, 6: 3, 17: 3, 8: 1}","[1, 6, 8, 15, 17, 31]",196381151173311,Ga1P1H9C3Cl3O1
LiB12PC,mp-1222458,2.4016,7.56708557,0.0,"{3: 1, 5: 12, 15: 1, 6: 1}","[3, 5, 6, 15]",3151261151,Li1B12P1C1
LiB13C2,mp-638070,2.7108,6.99972586,0.0,"{3: 1, 5: 13, 6: 2}","[3, 5, 6]",3151362,Li1B13C2
LiBC,mp-9244,0.8471000000000002,4.2961937,0.0,"{3: 1, 5: 1, 6: 1}","[3, 5, 6]",315161,Li1B1C1
LiB6C,mp-569450,1.3921999999999999,4.52697635,0.0,"{3: 1, 5: 6, 6: 1}","[3, 5, 6]",315661,Li1B6C1
LiC12,mp-1021323,0.0,5.10006627,0.0,"{3: 1, 6: 12}","[3, 6]",31612,Li1C12
NaLiCO3,mp-559533,4.4629,4.87605625,0.0,"{11: 1, 3: 1, 6: 1, 8: 3}","[3, 6, 8, 11]",316183111,Na1Li1C1O3
KLiCO3,mp-562137,4.5495,-0.14298189,0.0,"{19: 1, 3: 1, 6: 1, 8: 3}","[3, 6, 8, 19]",316183191,K1Li1C1O3
NaLiMnPCO7,mp-760044,0.7532,0.92184567,0.0,"{11: 1, 3: 1, 25: 1, 15: 1, 6: 1, 8: 7}","[3, 6, 8, 11, 15, 25]",316187111151251,Na1Li1Mn1P1C1O7
KLiMnPCO7,mp-761124,0.4788,0.1496009,0.0,"{19: 1, 3: 1, 25: 1, 15: 1, 6: 1, 8: 7}","[3, 6, 8, 15, 19, 25]",316187151191251,K1Li1Mn1P1C1O7
LiV(CO3)2,mp-762019,1.7568,1.92453561,0.0,"{3: 1, 23: 1, 6: 2, 8: 6}","[3, 6, 8, 23]",316286231,Li1V1C2O6
LiCr(CO3)2,mp-770839,3.0397,1.4079855,0.0,"{3: 1, 24: 1, 6: 2, 8: 6}","[3, 6, 8, 24]",316286241,Li1Cr1C2O6
LiMn(CO3)2,mp-1295192,0.9049999999999998,1.63080658,0.0,"{3: 1, 25: 1, 6: 2, 8: 6}","[3, 6, 8, 25]",316286251,Li1Mn1C2O6
LiLa(CO3)2,mp-1188898,4.1747,2.30841978,0.0,"{3: 1, 57: 1, 6: 2, 8: 6}","[3, 6, 8, 57]",316286571,Li1La1C2O6
Li2CO3,mp-3054,5.0573999999999995,-0.1416317,0.0,"{3: 2, 6: 1, 8: 3}","[3, 6, 8]",326183,Li2C1O3
RbLi2CdC2O6F,mp-1192391,3.2753,-0.13419881,0.0,"{37: 1, 3: 2, 48: 1, 6: 2, 8: 6, 9: 1}","[3, 6, 8, 9, 37, 48]",32628691371481,Rb1Li2Cd1C2O6F1
Be2C,mp-1569,1.1636999999999995,6.31837236,0.0,"{4: 2, 6: 1}","[4, 6]",4261,Be2C1
K6Be4C6O19,mp-555866,4.8702000000000005,-0.86553347,0.0,"{19: 6, 4: 4, 6: 6, 8: 19}","[4, 6, 8, 19]",4466819196,K6Be4C6O19
Mg(B6C)2,mp-568803,2.1397000000000004,6.12411503,0.0,"{12: 1, 5: 12, 6: 2}","[5, 6, 12]",51262121,Mg1B12C2
B13C2,mp-576,0.0,4.74924726,0.0,"{5: 13, 6: 2}","[5, 6]",51362,B13C2
Al3BC,mp-1228446,0.4530000000000003,7.97204476,0.0,"{13: 3, 5: 1, 6: 1}","[5, 6, 13]",5161133,Al3B1C1
TbNiBC,mp-1079626,0.0,5.50462762,0.0,"{65: 1, 28: 1, 5: 1, 6: 1}","[5, 6, 28, 65]",5161281651,Tb1Ni1B1C1
ErNiBC,mp-1078704,0.0,5.44393278,0.0,"{68: 1, 28: 1, 5: 1, 6: 1}","[5, 6, 28, 68]",5161281681,Er1Ni1B1C1
LuNiBC,mp-6188,0.0,5.43717201,0.0,"{71: 1, 28: 1, 5: 1, 6: 1}","[5, 6, 28, 71]",5161281711,Lu1Ni1B1C1
LaBC,mp-568090,0.0,8.41936936,0.0,"{57: 1, 5: 1, 6: 1}","[5, 6, 57]",5161571,La1B1C1
Pr2BC,mp-1078268,0.0,3.55748178,0.0,"{59: 2, 5: 1, 6: 1}","[5, 6, 59]",5161592,Pr2B1C1
NdBC,mp-568966,0.0,5.12872266,0.0,"{60: 1, 5: 1, 6: 1}","[5, 6, 60]",5161601,Nd1B1C1
Nd2BC,mp-864790,0.0,3.48406275,0.0,"{60: 2, 5: 1, 6: 1}","[5, 6, 60]",5161602,Nd2B1C1
SmBC,mp-1208749,0.0,5.07613525,0.0,"{62: 1, 5: 1, 6: 1}","[5, 6, 62]",5161621,Sm1B1C1
ThBC,mp-570254,0.0,7.14033051,0.0,"{90: 1, 5: 1, 6: 1}","[5, 6, 90]",5161901,Th1B1C1
UBC,mp-5816,0.0,10.9472493,0.0,"{92: 1, 5: 1, 6: 1}","[5, 6, 92]",5161921,U1B1C1
Sc2BC2,mp-10343,0.0,5.48724372,0.0,"{21: 2, 5: 1, 6: 2}","[5, 6, 21]",5162212,Sc2B1C2
Al3BC3,mp-1228599,1.8202999999999996,5.95087627,0.0,"{13: 3, 5: 1, 6: 3}","[5, 6, 13]",5163133,Al3B1C3
Lu3BC3,mp-10566,0.0,4.20583994,0.0,"{71: 3, 5: 1, 6: 3}","[5, 6, 71]",5163713,Lu3B1C3
TbSi4B18C,mp-1217512,1.4466,6.7951677,0.0,"{65: 1, 14: 4, 5: 18, 6: 1}","[5, 6, 14, 65]",51861144651,Tb1Si4B18C1
Mg2B24C,mp-568556,2.4909,5.67037444,0.0,"{12: 2, 5: 24, 6: 1}","[5, 6, 12]",52461122,Mg2B24C1
CeCo2B2C,mp-1025095,0.0,7.43145145,0.0,"{58: 1, 27: 2, 5: 2, 6: 1}","[5, 6, 27, 58]",5261272581,Ce1Co2B2C1
LaNi2B2C,mp-568083,0.0,8.52996184,0.0,"{57: 1, 28: 2, 5: 2, 6: 1}","[5, 6, 28, 57]",5261282571,La1Ni2B2C1
CeNi2B2C,mp-10860,0.0,8.3589437,0.0,"{58: 1, 28: 2, 5: 2, 6: 1}","[5, 6, 28, 58]",5261282581,Ce1Ni2B2C1
PrNi2B2C,mp-6140,0.0,6.44016682,0.0,"{59: 1, 28: 2, 5: 2, 6: 1}","[5, 6, 28, 59]",5261282591,Pr1Ni2B2C1
NdNi2B2C,mp-6102,0.0,6.41707374,0.0,"{60: 1, 28: 2, 5: 2, 6: 1}","[5, 6, 28, 60]",5261282601,Nd1Ni2B2C1
EuNi2B2C,mp-21064,0.0,5.90023744,0.0,"{63: 1, 28: 2, 5: 2, 6: 1}","[5, 6, 28, 63]",5261282631,Eu1Ni2B2C1
GdNi2B2C,mp-20728,0.0,6.52116074,0.0,"{64: 1, 28: 2, 5: 2, 6: 1}","[5, 6, 28, 64]",5261282641,Gd1Ni2B2C1
TbNi2B2C,mp-6092,0.0,6.53355507,0.0,"{65: 1, 28: 2, 5: 2, 6: 1}","[5, 6, 28, 65]",5261282651,Tb1Ni2B2C1
DyNi2B2C,mp-6223,0.0,6.52463097,0.0,"{66: 1, 28: 2, 5: 2, 6: 1}","[5, 6, 28, 66]",5261282661,Dy1Ni2B2C1
ErNi2B2C,mp-6098,0.0,6.50322201,0.0,"{68: 1, 28: 2, 5: 2, 6: 1}","[5, 6, 28, 68]",5261282681,Er1Ni2B2C1
TmNi2B2C,mp-6754,0.0,6.4878516,0.0,"{69: 1, 28: 2, 5: 2, 6: 1}","[5, 6, 28, 69]",5261282691,Tm1Ni2B2C1
LuNi2B2C,mp-6544,0.0,6.50267042,0.0,"{71: 1, 28: 2, 5: 2, 6: 1}","[5, 6, 28, 71]",5261282711,Lu1Ni2B2C1
ThNi2B2C,mp-1025034,0.0,8.2112295,0.0,"{90: 1, 28: 2, 5: 2, 6: 1}","[5, 6, 28, 90]",5261282901,Th1Ni2B2C1
UNi2B2C,mp-1025123,0.0,9.7541983,0.0,"{92: 1, 28: 2, 5: 2, 6: 1}","[5, 6, 28, 92]",5261282921,U1Ni2B2C1
LaB2Rh2C,mp-6794,0.0,7.71578712,0.0,"{57: 1, 5: 2, 45: 2, 6: 1}","[5, 6, 45, 57]",5261452571,La1B2Rh2C1
CeB2Rh2C,mp-6191,0.0,7.51287101,0.0,"{58: 1, 5: 2, 45: 2, 6: 1}","[5, 6, 45, 58]",5261452581,Ce1B2Rh2C1
PrB2Rh2C,mp-568924,0.0,5.78652423,0.0,"{59: 1, 5: 2, 45: 2, 6: 1}","[5, 6, 45, 59]",5261452591,Pr1B2Rh2C1
NdB2Rh2C,mp-569294,0.0,5.73392555,0.0,"{60: 1, 5: 2, 45: 2, 6: 1}","[5, 6, 45, 60]",5261452601,Nd1B2Rh2C1
SmB2Rh2C,mp-567077,0.0,5.62787813,0.0,"{62: 1, 5: 2, 45: 2, 6: 1}","[5, 6, 45, 62]",5261452621,Sm1B2Rh2C1
GdB2Rh2C,mp-19756,0.0,5.61938175,0.0,"{64: 1, 5: 2, 45: 2, 6: 1}","[5, 6, 45, 64]",5261452641,Gd1B2Rh2C1
ThB2Rh2C,mp-1080399,0.0,7.51306634,0.0,"{90: 1, 5: 2, 45: 2, 6: 1}","[5, 6, 45, 90]",5261452901,Th1B2Rh2C1
LaB2Ir2C,mp-5992,0.0,8.78891786,0.0,"{57: 1, 5: 2, 77: 2, 6: 1}","[5, 6, 57, 77]",5261571772,La1B2Ir2C1
CeB2C,mp-8667,0.0,8.25839534,0.0,"{58: 1, 5: 2, 6: 1}","[5, 6, 58]",5261581,Ce1B2C1
CeB2Ir2C,mp-10964,0.0,8.54006001,0.0,"{58: 1, 5: 2, 77: 2, 6: 1}","[5, 6, 58, 77]",5261581772,Ce1B2Ir2C1
TbB2C,mp-15707,0.0,5.97631582,0.0,"{65: 1, 5: 2, 6: 1}","[5, 6, 65]",5261651,Tb1B2C1
DyB2C,mp-15644,0.0,5.96357536,0.0,"{66: 1, 5: 2, 6: 1}","[5, 6, 66]",5261661,Dy1B2C1
HoB2C,mp-15603,0.0,5.90880167,0.0,"{67: 1, 5: 2, 6: 1}","[5, 6, 67]",5261671,Ho1B2C1
TmB2C,mp-15604,0.0,5.91758415,0.0,"{69: 1, 5: 2, 6: 1}","[5, 6, 69]",5261691,Tm1B2C1
LuB2C,mp-1105800,0.0,5.98961248,0.0,"{71: 1, 5: 2, 6: 1}","[5, 6, 71]",5261711,Lu1B2C1
ThB2C,mp-2997,0.0,8.38784042,0.0,"{90: 1, 5: 2, 6: 1}","[5, 6, 90]",5261901,Th1B2C1
Mg(BC)2,mp-3582,1.0168999999999997,4.83258861,0.0,"{12: 1, 5: 2, 6: 2}","[5, 6, 12]",5262121,Mg1B2C2
Ca(BC)2,mp-10289,0.4750999999999994,4.51458841,0.0,"{20: 1, 5: 2, 6: 2}","[5, 6, 20]",5262201,Ca1B2C2
La(BC)2,mp-10852,0.0,8.77322625,0.0,"{57: 1, 5: 2, 6: 2}","[5, 6, 57]",5262571,La1B2C2
Ce(BC)2,mp-20908,0.0,8.25102507,0.0,"{58: 1, 5: 2, 6: 2}","[5, 6, 58]",5262581,Ce1B2C2
Pr(BC)2,mp-10853,0.0,6.15133042,0.0,"{59: 1, 5: 2, 6: 2}","[5, 6, 59]",5262591,Pr1B2C2
Nd(BC)2,mp-5765,0.0,6.11441374,0.0,"{60: 1, 5: 2, 6: 2}","[5, 6, 60]",5262601,Nd1B2C2
Sm(BC)2,mp-6916,0.0,6.00662803,0.0,"{62: 1, 5: 2, 6: 2}","[5, 6, 62]",5262621,Sm1B2C2
Gd(BC)2,mp-1080176,0.0,5.24867351,0.0,"{64: 1, 5: 2, 6: 2}","[5, 6, 64]",5262641,Gd1B2C2
Tb(BC)2,mp-10854,0.0,6.32904791,0.0,"{65: 1, 5: 2, 6: 2}","[5, 6, 65]",5262651,Tb1B2C2
Dy(BC)2,mp-2958,0.0,6.32878288,0.0,"{66: 1, 5: 2, 6: 2}","[5, 6, 66]",5262661,Dy1B2C2
Ho(BC)2,mp-20410,0.0,6.29676941,0.0,"{67: 1, 5: 2, 6: 2}","[5, 6, 67]",5262671,Ho1B2C2
Er(BC)2,mp-10856,0.0,6.34997087,0.0,"{68: 1, 5: 2, 6: 2}","[5, 6, 68]",5262681,Er1B2C2
Ce6B2(CBr)3,mp-570060,0.0,7.19185867,0.0,"{58: 6, 5: 2, 6: 3, 35: 3}","[5, 6, 35, 58]",5263353586,Ce6B2C3Br3
Ca9B2(CCl2)4,mp-569892,1.3725999999999998,3.66048832,0.0,"{20: 9, 5: 2, 6: 4, 17: 8}","[5, 6, 17, 20]",5264178209,Ca9B2C4Cl8
Dy5B2C5,mp-18628,0.0,4.39995869,0.0,"{66: 5, 5: 2, 6: 5}","[5, 6, 66]",5265665,Dy5B2C5
Ca4Mn3B3CO15,mp-532650,1.4971000000000005,2.99513436,0.0,"{20: 4, 25: 3, 5: 3, 6: 1, 8: 15}","[5, 6, 8, 20, 25]",5361815204253,Ca4Mn3B3C1O15
Gd2B3C2,mp-28702,0.0,4.93516061,0.0,"{64: 2, 5: 3, 6: 2}","[5, 6, 64]",5362642,Gd2B3C2
Gd4B3C4,mp-29821,0.0,4.54251876,0.0,"{64: 4, 5: 3, 6: 4}","[5, 6, 64]",5364644,Gd4B3C4
Tm4B3C4,mp-1095577,0.0,4.81187063,0.0,"{69: 4, 5: 3, 6: 4}","[5, 6, 69]",5364694,Tm4B3C4
Lu4B3C4,mp-567908,0.0,4.80904977,0.0,"{71: 4, 5: 3, 6: 4}","[5, 6, 71]",5364714,Lu4B3C4
Mg3Si9B36C,mp-1222229,1.0420000000000007,5.72168316,0.0,"{12: 3, 14: 9, 5: 36, 6: 1}","[5, 6, 12, 14]",53661123149,Mg3Si9B36C1
Dy2Si9B36C,mp-1225372,1.1721999999999992,6.61601066,0.0,"{66: 2, 14: 9, 5: 36, 6: 1}","[5, 6, 14, 66]",53661149662,Dy2Si9B36C1
Tm2Si9B36C,mp-1216853,1.2088999999999999,6.635513,0.0,"{69: 2, 14: 9, 5: 36, 6: 1}","[5, 6, 14, 69]",53661149692,Tm2Si9B36C1
Lu2Si9B36C,mp-1222448,1.2246000000000006,6.64560413,0.0,"{71: 2, 14: 9, 5: 36, 6: 1}","[5, 6, 14, 71]",53661149712,Lu2Si9B36C1
La9B3C6Br5,mp-624186,0.0,7.4716006,0.0,"{57: 9, 5: 3, 6: 6, 35: 5}","[5, 6, 35, 57]",5366355579,La9B3C6Br5
Ce9B3C6Br5,mp-680283,0.0,6.9492658,0.0,"{58: 9, 5: 3, 6: 6, 35: 5}","[5, 6, 35, 58]",5366355589,Ce9B3C6Br5
La9B3C6I5,mp-679979,0.0,7.96362309,0.0,"{57: 9, 5: 3, 6: 6, 53: 5}","[5, 6, 53, 57]",5366535579,La9B3C6I5
B4C,mp-1238815,3.0415,5.1070427,0.0,"{5: 4, 6: 1}","[5, 6]",5461,B4C1
Tb2B4C,mp-1025379,0.0,5.15406189,0.0,"{65: 2, 5: 4, 6: 1}","[5, 6, 65]",5461652,Tb2B4C1
Dy2B4C,mp-568541,0.0,5.12844442,0.0,"{66: 2, 5: 4, 6: 1}","[5, 6, 66]",5461662,Dy2B4C1
Ho2B4C,mp-1025183,0.0,5.06999436,0.0,"{67: 2, 5: 4, 6: 1}","[5, 6, 67]",5461672,Ho2B4C1
Er2B4C,mp-1025246,0.0,5.11131782,0.0,"{68: 2, 5: 4, 6: 1}","[5, 6, 68]",5461682,Er2B4C1
Nb7(BC)4,mp-29981,0.0,7.18205293,0.0,"{41: 7, 5: 4, 6: 4}","[5, 6, 41]",5464417,Nb7B4C4
Th2Sc(B2C)3,mp-1208224,0.0,7.66929565,0.0,"{90: 2, 21: 1, 5: 6, 6: 3}","[5, 6, 21, 90]",5663211902,Th2Sc1B6C3
C,mp-2516584,0.10210000000000008,2.43154306,0.0,{6: 1},[6],61,C1
NaW6CCl18,mp-567182,0.1048,2.13295179,0.0,"{11: 1, 74: 6, 6: 1, 17: 18}","[6, 11, 17, 74]",611111718746,Na1W6C1Cl18
MgCo3C,mp-20424,0.0,5.14843556,0.0,"{12: 1, 27: 3, 6: 1}","[6, 12, 27]",61121273,Mg1Co3C1
MgNi3C,mp-10700,0.0,6.56970386,0.0,"{12: 1, 28: 3, 6: 1}","[6, 12, 28]",61121283,Mg1Ni3C1
Gd6Mg23C,mp-1192643,0.0,3.21469784,0.0,"{64: 6, 12: 23, 6: 1}","[6, 12, 64]",611223646,Gd6Mg23C1
Sc3AlC,mp-4079,0.0,4.49284498,0.0,"{21: 3, 13: 1, 6: 1}","[6, 13, 21]",61131213,Sc3Al1C1
TaTiAlC,mp-1217909,0.0,6.87832994,0.0,"{73: 1, 22: 1, 13: 1, 6: 1}","[6, 13, 22, 73]",61131221731,Ta1Ti1Al1C1
Ti2AlC,mp-12990,0.0,6.78520972,0.0,"{22: 2, 13: 1, 6: 1}","[6, 13, 22]",61131222,Ti2Al1C1
Ti3AlC,mp-3271,0.0,6.78068226,0.0,"{22: 3, 13: 1, 6: 1}","[6, 13, 22]",61131223,Ti3Al1C1
AlV2C,mp-1025497,0.0,7.13861002,0.0,"{13: 1, 23: 2, 6: 1}","[6, 13, 23]",61131232,Al1V2C1
AlCr2C,mp-9956,0.0,7.77866002,0.0,"{13: 1, 24: 2, 6: 1}","[6, 13, 24]",61131242,Al1Cr2C1
Mn3AlC,mp-4593,0.0,7.07086969,0.0,"{25: 3, 13: 1, 6: 1}","[6, 13, 25]",61131253,Mn3Al1C1
Nb2AlC,mp-996162,0.0,6.21319513,0.0,"{41: 2, 13: 1, 6: 1}","[6, 13, 41]",61131412,Nb2Al1C1
Ce3AlC,mp-10036,0.0,7.12661914,0.0,"{58: 3, 13: 1, 6: 1}","[6, 13, 58]",61131583,Ce3Al1C1
Gd3AlC,mp-580539,0.0,3.36124582,0.0,"{64: 3, 13: 1, 6: 1}","[6, 13, 64]",61131643,Gd3Al1C1
Tb3AlC,mp-570822,0.0,3.48254034,0.0,"{65: 3, 13: 1, 6: 1}","[6, 13, 65]",61131653,Tb3Al1C1
Dy3AlC,mp-29676,0.0,3.40966886,0.0,"{66: 3, 13: 1, 6: 1}","[6, 13, 66]",61131663,Dy3Al1C1
Ho3AlC,mp-29677,0.0,3.35958985,0.0,"{67: 3, 13: 1, 6: 1}","[6, 13, 67]",61131673,Ho3Al1C1
Er3AlC,mp-568021,0.0,3.42219397,0.0,"{68: 3, 13: 1, 6: 1}","[6, 13, 68]",61131683,Er3Al1C1
Lu3AlC,mp-1206894,0.0,3.48462365,0.0,"{71: 3, 13: 1, 6: 1}","[6, 13, 71]",61131713,Lu3Al1C1
Ta2AlC,mp-1025441,0.0,7.01245973,0.0,"{73: 2, 13: 1, 6: 1}","[6, 13, 73]",61131732,Ta2Al1C1
Ti3Al2NiC,mp-505538,0.0,7.1848728,0.0,"{22: 3, 13: 2, 28: 1, 6: 1}","[6, 13, 22, 28]",61132223281,Ti3Al2Ni1C1
Ta3Al2CoC,mp-510486,0.0,7.18506157,0.0,"{73: 3, 13: 2, 27: 1, 6: 1}","[6, 13, 27, 73]",61132271733,Ta3Al2Co1C1
Nb3Al2C,mp-1190604,0.0,6.75607209,0.0,"{41: 3, 13: 2, 6: 1}","[6, 13, 41]",61132413,Nb3Al2C1
SiC,mp-1204356,1.8389000000000006,9.86867141,0.0,"{14: 1, 6: 1}","[6, 14]",61141,Si1C1
SmMn2SiC,mp-1205608,0.0,5.57795478,0.0,"{62: 1, 25: 2, 14: 1, 6: 1}","[6, 14, 25, 62]",61141252621,Sm1Mn2Si1C1
TbMn2SiC,mp-1205526,0.0,5.84166918,0.0,"{65: 1, 25: 2, 14: 1, 6: 1}","[6, 14, 25, 65]",61141252651,Tb1Mn2Si1C1
DyMn2SiC,mp-1205851,0.0,5.84878052,0.0,"{66: 1, 25: 2, 14: 1, 6: 1}","[6, 14, 25, 66]",61141252661,Dy1Mn2Si1C1
HoMn2SiC,mp-1205720,0.0,5.77888673,0.0,"{67: 1, 25: 2, 14: 1, 6: 1}","[6, 14, 25, 67]",61141252671,Ho1Mn2Si1C1
ErMn2SiC,mp-1206340,0.0,5.85804905,0.0,"{68: 1, 25: 2, 14: 1, 6: 1}","[6, 14, 25, 68]",61141252681,Er1Mn2Si1C1
TmMn2SiC,mp-1207684,0.0,5.85009626,0.0,"{69: 1, 25: 2, 14: 1, 6: 1}","[6, 14, 25, 69]",61141252691,Tm1Mn2Si1C1
ThMn2SiC,mp-1205614,0.0,7.57291396,0.0,"{90: 1, 25: 2, 14: 1, 6: 1}","[6, 14, 25, 90]",61141252901,Th1Mn2Si1C1
UMn2SiC,mp-1205583,0.0,9.37301762,0.0,"{92: 1, 25: 2, 14: 1, 6: 1}","[6, 14, 25, 92]",61141252921,U1Mn2Si1C1
Mn4SiMoC,mp-1222006,0.0,8.00800933,0.0,"{25: 4, 14: 1, 42: 1, 6: 1}","[6, 14, 25, 42]",61141254421,Mn4Si1Mo1C1
Er20Si12C,mp-1225168,0.0,4.45529296,0.0,"{68: 20, 14: 12, 6: 1}","[6, 14, 68]",6114126820,Er20Si12C1
Pr2Co2SiC,mp-1071216,0.0,5.25495215,0.0,"{59: 2, 27: 2, 14: 1, 6: 1}","[6, 14, 27, 59]",61141272592,Pr2Co2Si1C1
Nd2Co2SiC,mp-1070917,0.0,5.23432061,0.0,"{60: 2, 27: 2, 14: 1, 6: 1}","[6, 14, 27, 60]",61141272602,Nd2Co2Si1C1
CeSiRu2C,mp-1205654,0.0,8.2486347,0.0,"{58: 1, 14: 1, 44: 2, 6: 1}","[6, 14, 44, 58]",61141442581,Ce1Si1Ru2C1
PrSiRu2C,mp-1205551,0.0,6.53323031,0.0,"{59: 1, 14: 1, 44: 2, 6: 1}","[6, 14, 44, 59]",61141442591,Pr1Si1Ru2C1
NdSiRu2C,mp-1205506,0.0,6.52015502,0.0,"{60: 1, 14: 1, 44: 2, 6: 1}","[6, 14, 44, 60]",61141442601,Nd1Si1Ru2C1
SmSiRu2C,mp-1205773,0.0,6.39673753,0.0,"{62: 1, 14: 1, 44: 2, 6: 1}","[6, 14, 44, 62]",61141442621,Sm1Si1Ru2C1
TbSiRu2C,mp-1205603,0.0,6.64039297,0.0,"{65: 1, 14: 1, 44: 2, 6: 1}","[6, 14, 44, 65]",61141442651,Tb1Si1Ru2C1
DySiRu2C,mp-570595,0.0,6.62464863,0.0,"{66: 1, 14: 1, 44: 2, 6: 1}","[6, 14, 44, 66]",61141442661,Dy1Si1Ru2C1
HoSiRu2C,mp-570102,0.0,6.6009464,0.0,"{67: 1, 14: 1, 44: 2, 6: 1}","[6, 14, 44, 67]",61141442671,Ho1Si1Ru2C1
ErSiRu2C,mp-1205505,0.0,6.61706044,0.0,"{68: 1, 14: 1, 44: 2, 6: 1}","[6, 14, 44, 68]",61141442681,Er1Si1Ru2C1
TmSiRu2C,mp-1205703,0.0,6.60410329,0.0,"{69: 1, 14: 1, 44: 2, 6: 1}","[6, 14, 44, 69]",61141442691,Tm1Si1Ru2C1
ThSiRu2C,mp-1205580,0.0,8.24553181,0.0,"{90: 1, 14: 1, 44: 2, 6: 1}","[6, 14, 44, 90]",61141442901,Th1Si1Ru2C1
LaSiOs2C,mp-1205718,0.0,8.6031244,0.0,"{57: 1, 14: 1, 76: 2, 6: 1}","[6, 14, 57, 76]",61141571762,La1Si1Os2C1
CeRe2SiC,mp-1206583,0.0,8.05724579,0.0,"{58: 1, 75: 2, 14: 1, 6: 1}","[6, 14, 58, 75]",61141581752,Ce1Re2Si1C1
CeSiOs2C,mp-1205921,0.0,8.5044085,0.0,"{58: 1, 14: 1, 76: 2, 6: 1}","[6, 14, 58, 76]",61141581762,Ce1Si1Os2C1
PrRe2SiC,mp-1206956,0.0,6.47209315,0.0,"{59: 1, 75: 2, 14: 1, 6: 1}","[6, 14, 59, 75]",61141591752,Pr1Re2Si1C1
PrSiOs2C,mp-1209299,0.0,6.83837119,0.0,"{59: 1, 14: 1, 76: 2, 6: 1}","[6, 14, 59, 76]",61141591762,Pr1Si1Os2C1
NdRe2SiC,mp-1205793,0.0,6.40692803,0.0,"{60: 1, 75: 2, 14: 1, 6: 1}","[6, 14, 60, 75]",61141601752,Nd1Re2Si1C1
NdSiOs2C,mp-1205578,0.0,6.75368277,0.0,"{60: 1, 14: 1, 76: 2, 6: 1}","[6, 14, 60, 76]",61141601762,Nd1Si1Os2C1
SmRe2SiC,mp-1206564,0.0,6.28393934,0.0,"{62: 1, 75: 2, 14: 1, 6: 1}","[6, 14, 62, 75]",61141621752,Sm1Re2Si1C1
SmSiOs2C,mp-1205528,0.0,6.66796534,0.0,"{62: 1, 14: 1, 76: 2, 6: 1}","[6, 14, 62, 76]",61141621762,Sm1Si1Os2C1
TbRe2SiC,mp-569505,0.0,6.46248933,0.0,"{65: 1, 75: 2, 14: 1, 6: 1}","[6, 14, 65, 75]",61141651752,Tb1Re2Si1C1
TbSiOs2C,mp-1206183,0.0,6.86816439,0.0,"{65: 1, 14: 1, 76: 2, 6: 1}","[6, 14, 65, 76]",61141651762,Tb1Si1Os2C1
DyRe2SiC,mp-1206141,0.0,6.41340223,0.0,"{66: 1, 75: 2, 14: 1, 6: 1}","[6, 14, 66, 75]",61141661752,Dy1Re2Si1C1
DySiOs2C,mp-1205579,0.0,6.84976091,0.0,"{66: 1, 14: 1, 76: 2, 6: 1}","[6, 14, 66, 76]",61141661762,Dy1Si1Os2C1
HoRe2SiC,mp-1205545,0.0,6.35001256,0.0,"{67: 1, 75: 2, 14: 1, 6: 1}","[6, 14, 67, 75]",61141671752,Ho1Re2Si1C1
HoSiOs2C,mp-1205519,0.0,6.82343291,0.0,"{67: 1, 14: 1, 76: 2, 6: 1}","[6, 14, 67, 76]",61141671762,Ho1Si1Os2C1
ErRe2SiC,mp-1205882,0.0,6.34896206,0.0,"{68: 1, 75: 2, 14: 1, 6: 1}","[6, 14, 68, 75]",61141681752,Er1Re2Si1C1
ErSiOs2C,mp-1206269,0.0,6.83786026,0.0,"{68: 1, 14: 1, 76: 2, 6: 1}","[6, 14, 68, 76]",61141681762,Er1Si1Os2C1
TmRe2SiC,mp-1205618,0.0,6.35217119,0.0,"{69: 1, 75: 2, 14: 1, 6: 1}","[6, 14, 69, 75]",61141691752,Tm1Re2Si1C1
TmSiOs2C,mp-1205607,0.0,6.83059626,0.0,"{69: 1, 14: 1, 76: 2, 6: 1}","[6, 14, 69, 76]",61141691762,Tm1Si1Os2C1
ThRe2SiC,mp-1206114,0.0,8.1174599,0.0,"{90: 1, 75: 2, 14: 1, 6: 1}","[6, 14, 75, 90]",61141752901,Th1Re2Si1C1
ThSiOs2C,mp-1208232,0.0,8.53887956,0.0,"{90: 1, 14: 1, 76: 2, 6: 1}","[6, 14, 76, 90]",61141762901,Th1Si1Os2C1
LaCr2Si2C,mp-604153,0.0,8.98178522,0.0,"{57: 1, 24: 2, 14: 2, 6: 1}","[6, 14, 24, 57]",61142242571,La1Cr2Si2C1
CeCr2Si2C,mp-6258,0.0,8.87962084,0.0,"{58: 1, 24: 2, 14: 2, 6: 1}","[6, 14, 24, 58]",61142242581,Ce1Cr2Si2C1
SmCr2Si2C,mp-1206312,0.0,7.20142365,0.0,"{62: 1, 24: 2, 14: 2, 6: 1}","[6, 14, 24, 62]",61142242621,Sm1Cr2Si2C1
TbCr2Si2C,mp-1206333,0.0,7.40381278,0.0,"{65: 1, 24: 2, 14: 2, 6: 1}","[6, 14, 24, 65]",61142242651,Tb1Cr2Si2C1
DyCr2Si2C,mp-1206533,0.0,7.33560473,0.0,"{66: 1, 24: 2, 14: 2, 6: 1}","[6, 14, 24, 66]",61142242661,Dy1Cr2Si2C1
HoCr2Si2C,mp-1024999,0.0,7.38806583,0.0,"{67: 1, 24: 2, 14: 2, 6: 1}","[6, 14, 24, 67]",61142242671,Ho1Cr2Si2C1
ErCr2Si2C,mp-1206309,0.0,7.39806846,0.0,"{68: 1, 24: 2, 14: 2, 6: 1}","[6, 14, 24, 68]",61142242681,Er1Cr2Si2C1
CeSi2Mo2C,mp-1018666,0.0,8.86408441,0.0,"{58: 1, 14: 2, 42: 2, 6: 1}","[6, 14, 42, 58]",61142422581,Ce1Si2Mo2C1
PrSi2Mo2C,mp-21891,0.0,7.49765598,0.0,"{59: 1, 14: 2, 42: 2, 6: 1}","[6, 14, 42, 59]",61142422591,Pr1Si2Mo2C1
La2Re2Si2C,mp-1025245,0.0,8.12809163,0.0,"{57: 2, 75: 2, 14: 2, 6: 1}","[6, 14, 57, 75]",61142572752,La2Re2Si2C1
Ce2Re2Si2C,mp-1025285,0.0,8.07513189,0.0,"{58: 2, 75: 2, 14: 2, 6: 1}","[6, 14, 58, 75]",61142582752,Ce2Re2Si2C1
Pr2Re2Si2C,mp-1025384,0.0,6.0478521,0.0,"{59: 2, 75: 2, 14: 2, 6: 1}","[6, 14, 59, 75]",61142592752,Pr2Re2Si2C1
Nd2Re2Si2C,mp-1025210,0.0,6.02802872,0.0,"{60: 2, 75: 2, 14: 2, 6: 1}","[6, 14, 60, 75]",61142602752,Nd2Re2Si2C1
Sm2Re2Si2C,mp-1025249,0.0,5.96029293,0.0,"{62: 2, 75: 2, 14: 2, 6: 1}","[6, 14, 62, 75]",61142622752,Sm2Re2Si2C1
Gd2Re2Si2C,mp-1025361,0.0,5.97179286,0.0,"{64: 2, 75: 2, 14: 2, 6: 1}","[6, 14, 64, 75]",61142642752,Gd2Re2Si2C1
Tb2Re2Si2C,mp-1025189,0.0,6.24272025,0.0,"{65: 2, 75: 2, 14: 2, 6: 1}","[6, 14, 65, 75]",61142652752,Tb2Re2Si2C1
Dy2Re2Si2C,mp-1025240,0.0,6.24386876,0.0,"{66: 2, 75: 2, 14: 2, 6: 1}","[6, 14, 66, 75]",61142662752,Dy2Re2Si2C1
Ho2Re2Si2C,mp-1025320,0.0,6.2076574,0.0,"{67: 2, 75: 2, 14: 2, 6: 1}","[6, 14, 67, 75]",61142672752,Ho2Re2Si2C1
Er2Re2Si2C,mp-1025362,0.0,6.24002979,0.0,"{68: 2, 75: 2, 14: 2, 6: 1}","[6, 14, 68, 75]",61142682752,Er2Re2Si2C1
Ti5Si3C,mp-995201,0.0,7.68883772,0.0,"{22: 5, 14: 3, 6: 1}","[6, 14, 22]",61143225,Ti5Si3C1
Dy7Ru2C11,mp-1213045,0.0,5.21333536,0.0,"{66: 7, 44: 2, 6: 11}","[6, 44, 66]",611442667,Dy7Ru2C11
Er15Si9C,mp-1196963,0.0,4.44822257,0.0,"{68: 15, 14: 9, 6: 1}","[6, 14, 68]",611496815,Er15Si9C1
V2PC,mp-8044,0.0,8.39919005,0.0,"{23: 2, 15: 1, 6: 1}","[6, 15, 23]",61151232,V2P1C1
Nb2PC,mp-9987,0.0,7.37083463,0.0,"{41: 2, 15: 1, 6: 1}","[6, 15, 41]",61151412,Nb2P1C1
CePRu2C,mp-1080729,0.0,8.79033867,0.0,"{58: 1, 15: 1, 44: 2, 6: 1}","[6, 15, 44, 58]",61151442581,Ce1P1Ru2C1
SmPRu2C,mp-1079697,0.0,7.05322035,0.0,"{62: 1, 15: 1, 44: 2, 6: 1}","[6, 15, 44, 62]",61151442621,Sm1P1Ru2C1
TbPRu2C,mp-1080794,0.0,7.2725078,0.0,"{65: 1, 15: 1, 44: 2, 6: 1}","[6, 15, 44, 65]",61151442651,Tb1P1Ru2C1
DyPRu2C,mp-1205848,0.0,7.23203581,0.0,"{66: 1, 15: 1, 44: 2, 6: 1}","[6, 15, 44, 66]",61151442661,Dy1P1Ru2C1
HoPRu2C,mp-1205704,0.0,7.18112361,0.0,"{67: 1, 15: 1, 44: 2, 6: 1}","[6, 15, 44, 67]",61151442671,Ho1P1Ru2C1
ErPRu2C,mp-1205587,0.0,7.20191298,0.0,"{68: 1, 15: 1, 44: 2, 6: 1}","[6, 15, 44, 68]",61151442681,Er1P1Ru2C1
La2PC,mp-866691,0.0,8.41353906,0.0,"{57: 2, 15: 1, 6: 1}","[6, 15, 57]",61151572,La2P1C1
V4P2C,mp-29634,0.0,8.44865423,0.0,"{23: 4, 15: 2, 6: 1}","[6, 15, 23]",61152234,V4P2C1
Ti2CS,mp-3732,0.0,8.20808649,0.0,"{22: 2, 6: 1, 16: 1}","[6, 16, 22]",61161222,Ti2C1S1
CS14,mp-27814,2.5569,-0.35151479,0.0,"{6: 1, 16: 14}","[6, 16]",611614,C1S14
Zr2CS,mp-5025,0.0,6.7970435,0.0,"{40: 2, 6: 1, 16: 1}","[6, 16, 40]",61161402,Zr2C1S1
Hf2CS,mp-13137,0.0,7.64545999,0.0,"{72: 2, 6: 1, 16: 1}","[6, 16, 72]",61161722,Hf2C1S1
U2CS,mp-1216673,0.0,10.8103324,0.0,"{92: 2, 6: 1, 16: 1}","[6, 16, 92]",61161922,U2C1S1
Ta2CS2,mp-559976,0.0,5.48115559,0.0,"{73: 2, 6: 1, 16: 2}","[6, 16, 73]",61162732,Ta2C1S2
Ti6CCl14,mp-28913,0.9476999999999998,2.20710545,0.0,"{22: 6, 6: 1, 17: 14}","[6, 17, 22]",611714226,Ti6C1Cl14
Zr6CCl14,mp-29357,1.2812,2.06981723,0.0,"{40: 6, 6: 1, 17: 14}","[6, 17, 40]",611714406,Zr6C1Cl14
Hf6CCl14,mp-1212485,1.3758,3.9550928,0.0,"{72: 6, 6: 1, 17: 14}","[6, 17, 72]",611714726,Hf6C1Cl14
KZr6CCl15,mp-570066,1.1123,1.38965145,0.0,"{19: 1, 40: 6, 6: 1, 17: 15}","[6, 17, 19, 40]",611715191406,K1Zr6C1Cl15
KHf6CCl15,mp-1211876,1.1511,2.15623176,0.0,"{19: 1, 72: 6, 6: 1, 17: 15}","[6, 17, 19, 72]",611715191726,K1Hf6C1Cl15
RbZr6CCl15,mp-567966,1.1281,1.48392214,0.0,"{37: 1, 40: 6, 6: 1, 17: 15}","[6, 17, 37, 40]",611715371406,Rb1Zr6C1Cl15
CsZr6CCl15,mp-1213455,1.1421000000000001,1.59653484,0.0,"{55: 1, 40: 6, 6: 1, 17: 15}","[6, 17, 40, 55]",611715406551,Cs1Zr6C1Cl15
CsHf6CCl15,mp-1213477,1.2179,2.04241715,0.0,"{55: 1, 72: 6, 6: 1, 17: 15}","[6, 17, 55, 72]",611715551726,Cs1Hf6C1Cl15
Gd2CCl,mp-28638,0.0,5.25465351,0.0,"{64: 2, 6: 1, 17: 1}","[6, 17, 64]",61171642,Gd2C1Cl1
Rb4Zr6CCl18,mp-862605,1.2651999999999999,1.3279608,0.0,"{37: 4, 40: 6, 6: 1, 17: 18}","[6, 17, 37, 40]",611718374406,Rb4Zr6C1Cl18
CsLaZr6CCl18,mp-1213380,1.4203999999999999,2.39484881,0.0,"{55: 1, 57: 1, 40: 6, 6: 1, 17: 18}","[6, 17, 40, 55, 57]",611718406551571,Cs1La1Zr6C1Cl18
Cs2Lu7CCl18,mp-569387,0.0,3.49136234,0.0,"{55: 2, 71: 7, 6: 1, 17: 18}","[6, 17, 55, 71]",611718552717,Cs2Lu7C1Cl18
W6CCl18,mp-30295,1.1546,0.56060096,0.0,"{74: 6, 6: 1, 17: 18}","[6, 17, 74]",611718746,W6C1Cl18
Sc2CCl2,mp-28479,0.8824000000000001,2.33108536,0.0,"{21: 2, 6: 1, 17: 2}","[6, 17, 21]",61172212,Sc2C1Cl2
Ti2CCl2,mp-2647029,0.0,5.2139817,0.0,"{22: 2, 6: 1, 17: 2}","[6, 17, 22]",61172222,Ti2C1Cl2
Lu2CCl2,mp-573376,1.0343999999999998,2.66327015,0.0,"{71: 2, 6: 1, 17: 2}","[6, 17, 71]",61172712,Lu2C1Cl2
Gd3CCl3,mp-28133,0.0,4.73896953,0.0,"{64: 3, 6: 1, 17: 3}","[6, 17, 64]",61173643,Gd3C1Cl3
CCl4,mp-1004532,4.5297,-1.89970897,0.0,"{6: 1, 17: 4}","[6, 17]",61174,C1Cl4
Ce3CCl5,mp-580802,0.2093999999999996,5.43095476,0.0,"{58: 3, 6: 1, 17: 5}","[6, 17, 58]",61175583,Ce3C1Cl5
Pr3CCl5,mp-571490,2.3972999999999995,2.44670307,0.0,"{59: 3, 6: 1, 17: 5}","[6, 17, 59]",61175593,Pr3C1Cl5
Sc5CCl8,mp-31024,0.0,4.52308867,0.0,"{21: 5, 6: 1, 17: 8}","[6, 17, 21]",61178215,Sc5C1Cl8
K4Zr6CBr18,mp-627575,1.1749999999999998,2.08463935,0.0,"{19: 4, 40: 6, 6: 1, 35: 18}","[6, 19, 35, 40]",611943518406,K4Zr6C1Br18
ScCo3C,mp-10270,0.0,6.08719646,0.0,"{21: 1, 27: 3, 6: 1}","[6, 21, 27]",61211273,Sc1Co3C1
ScRu3C,mp-7130,0.0,7.02019737,0.0,"{21: 1, 44: 3, 6: 1}","[6, 21, 44]",61211443,Sc1Ru3C1
ScRh3C,mp-10712,0.0,6.64454772,0.0,"{21: 1, 45: 3, 6: 1}","[6, 21, 45]",61211453,Sc1Rh3C1
Sc2C,mp-29941,0.0,4.07763927,0.0,"{21: 2, 6: 1}","[6, 21]",61212,Sc2C1
Sc2CI3,mp-504934,0.5682999999999998,3.83378795,0.0,"{21: 2, 6: 1, 53: 3}","[6, 21, 53]",61212533,Sc2C1I3
Sc3GaC,mp-8577,0.0,4.01939445,0.0,"{21: 3, 31: 1, 6: 1}","[6, 21, 31]",61213311,Sc3Ga1C1
Sc3InC,mp-8578,0.0,5.36975467,0.0,"{21: 3, 49: 1, 6: 1}","[6, 21, 49]",61213491,Sc3In1C1
Sc3SnC,mp-16297,0.0,6.11995955,0.0,"{21: 3, 50: 1, 6: 1}","[6, 21, 50]",61213501,Sc3Sn1C1
Sc3TlC,mp-4230,0.0,5.4982611,0.0,"{21: 3, 81: 1, 6: 1}","[6, 21, 81]",61213811,Sc3Tl1C1
Sc3PbC,mp-21035,0.0,6.14045836,0.0,"{21: 3, 82: 1, 6: 1}","[6, 21, 82]",61213821,Sc3Pb1C1
Sc7CBr12,mp-504921,0.0,3.65036627,0.0,"{21: 7, 6: 1, 35: 12}","[6, 21, 35]",612173512,Sc7C1Br12
Sc7CI12,mp-28321,0.0,4.53904895,0.0,"{21: 7, 6: 1, 53: 12}","[6, 21, 53]",612175312,Sc7C1I12
TiC,mp-631,0.0,7.67533018,0.0,"{22: 1, 6: 1}","[6, 22]",61221,Ti1C1
Ti2C,mp-10721,0.0,6.03744955,0.0,"{22: 2, 6: 1}","[6, 22]",61222,Ti2C1
Ti2GaC,mp-12537,0.0,5.92571029,0.0,"{22: 2, 31: 1, 6: 1}","[6, 22, 31]",61222311,Ti2Ga1C1
Ti2GeC,mp-9958,0.0,7.52217233,0.0,"{22: 2, 32: 1, 6: 1}","[6, 22, 32]",61222321,Ti2Ge1C1
Ti2CdC,mp-9961,0.0,5.01977095,0.0,"{22: 2, 48: 1, 6: 1}","[6, 22, 48]",61222481,Ti2Cd1C1
Ti2InC,mp-20315,0.0,7.7277596,0.0,"{22: 2, 49: 1, 6: 1}","[6, 22, 49]",61222491,Ti2In1C1
Ti2SnC,mp-3871,0.0,8.60997873,0.0,"{22: 2, 50: 1, 6: 1}","[6, 22, 50]",61222501,Ti2Sn1C1
Ti2TlC,mp-1092281,0.0,7.58112447,0.0,"{22: 2, 81: 1, 6: 1}","[6, 22, 81]",61222811,Ti2Tl1C1
Ti2PbC,mp-20661,0.0,8.1694894,0.0,"{22: 2, 82: 1, 6: 1}","[6, 22, 82]",61222821,Ti2Pb1C1
Ti3Zn3C,mp-697076,0.0,4.95768419,0.0,"{22: 3, 30: 3, 6: 1}","[6, 22, 30]",61223303,Ti3Zn3C1
Ti3InC,mp-20325,0.0,7.73021871,0.0,"{22: 3, 49: 1, 6: 1}","[6, 22, 49]",61223491,Ti3In1C1
La21Mn8Sn7C12,mp-1201735,0.0,7.41575423,0.0,"{57: 21, 25: 8, 50: 7, 6: 12}","[6, 25, 50, 57]",6122585075721,La21Mn8Sn7C12
La21Mn8Sb7C12,mp-1203312,0.0,7.80336198,0.0,"{57: 21, 25: 8, 51: 7, 6: 12}","[6, 25, 51, 57]",6122585175721,La21Mn8Sb7C12
La20Mn8Te7C12,mp-1223565,0.0,7.96084616,0.0,"{57: 20, 25: 8, 52: 7, 6: 12}","[6, 25, 52, 57]",6122585275720,La20Mn8Te7C12
La21Mn8Bi7C12,mp-1200955,0.0,7.60023281,0.0,"{57: 21, 25: 8, 83: 7, 6: 12}","[6, 25, 57, 83]",6122585721837,La21Mn8Bi7C12
V2C,mp-20648,0.0,6.43580874,0.0,"{23: 2, 6: 1}","[6, 23]",61232,V2C1
V2GaC,mp-1080835,0.0,6.01411447,0.0,"{23: 2, 31: 1, 6: 1}","[6, 23, 31]",61232311,V2Ga1C1
V2GeC,mp-9957,0.0,7.73994713,0.0,"{23: 2, 32: 1, 6: 1}","[6, 23, 32]",61232321,V2Ge1C1
V2AsC,mp-10046,0.0,7.61077635,0.0,"{23: 2, 33: 1, 6: 1}","[6, 23, 33]",61232331,V2As1C1
V3GeC,mp-1079313,0.0,7.37955839,0.0,"{23: 3, 32: 1, 6: 1}","[6, 23, 32]",61233321,V3Ge1C1
V3AsC,mp-27769,0.0,7.56205902,0.0,"{23: 3, 33: 1, 6: 1}","[6, 23, 33]",61233331,V3As1C1
Cr2GaC,mp-20197,0.0,6.56023066,0.0,"{24: 2, 31: 1, 6: 1}","[6, 24, 31]",61242311,Cr2Ga1C1
Cr2Rh2C,mp-1226355,0.0,6.98064588,0.0,"{24: 2, 45: 2, 6: 1}","[6, 24, 45]",61242452,Cr2Rh2C1
Cr2Ir2C,mp-1226352,0.0,8.52633546,0.0,"{24: 2, 77: 2, 6: 1}","[6, 24, 77]",61242772,Cr2Ir2C1
Mn3GaC,mp-21313,0.0,6.14596261,0.0,"{25: 3, 31: 1, 6: 1}","[6, 25, 31]",61253311,Mn3Ga1C1
Mn3Mo3C,mp-15812,0.0,7.73910485,0.0,"{25: 3, 42: 3, 6: 1}","[6, 25, 42]",61253423,Mn3Mo3C1
Mn3W3C,mp-15813,0.0,7.21876557,0.0,"{25: 3, 74: 3, 6: 1}","[6, 25, 74]",61253743,Mn3W3C1
U6Co12Ge4C,mp-865440,0.0,9.55370013,0.0,"{92: 6, 27: 12, 32: 4, 6: 1}","[6, 27, 32, 92]",612712324926,U6Co12Ge4C1
GdCoC,mp-20345,0.0,3.8443172,0.0,"{64: 1, 27: 1, 6: 1}","[6, 27, 64]",61271641,Gd1Co1C1
TbCoC,mp-22158,0.0,4.03076439,0.0,"{65: 1, 27: 1, 6: 1}","[6, 27, 65]",61271651,Tb1Co1C1
DyCoC,mp-20350,0.0,4.01593841,0.0,"{66: 1, 27: 1, 6: 1}","[6, 27, 66]",61271661,Dy1Co1C1
HoCoC,mp-20906,0.0,3.95244326,0.0,"{67: 1, 27: 1, 6: 1}","[6, 27, 67]",61271671,Ho1Co1C1
ErCoC,mp-8475,0.0,3.98372519,0.0,"{68: 1, 27: 1, 6: 1}","[6, 27, 68]",61271681,Er1Co1C1
TmCoC,mp-19754,0.0,3.96177787,0.0,"{69: 1, 27: 1, 6: 1}","[6, 27, 69]",61271691,Tm1Co1C1
LuCoC,mp-22714,0.0,3.91735265,0.0,"{71: 1, 27: 1, 6: 1}","[6, 27, 71]",61271711,Lu1Co1C1
Nb4Ni2C,mp-864841,0.0,5.93077979,0.0,"{41: 4, 28: 2, 6: 1}","[6, 28, 41]",61282414,Nb4Ni2C1
Ni2Mo4C,mp-21536,0.0,8.48550239,0.0,"{28: 2, 42: 4, 6: 1}","[6, 28, 42]",61282424,Ni2Mo4C1
Ta4Ni2C,mp-867754,0.0,6.50883599,0.0,"{73: 4, 28: 2, 6: 1}","[6, 28, 73]",61282734,Ta4Ni2C1
Ni2W4C,mp-974038,0.0,7.84439502,0.0,"{28: 2, 74: 4, 6: 1}","[6, 28, 74]",61282744,Ni2W4C1
Ni6Mo6C,mp-30052,0.0,8.46859333,0.0,"{28: 6, 42: 6, 6: 1}","[6, 28, 42]",61286426,Ni6Mo6C1
Ni6W6C,mp-1194082,0.0,7.8794708,0.0,"{28: 6, 74: 6, 6: 1}","[6, 28, 74]",61286746,Ni6W6C1
Zr3Zn3C,mp-703492,0.0,4.11547622,0.0,"{40: 3, 30: 3, 6: 1}","[6, 30, 40]",61303403,Zr3Zn3C1
Hf3Zn3C,mp-722912,0.0,4.57612884,0.0,"{72: 3, 30: 3, 6: 1}","[6, 30, 72]",61303723,Hf3Zn3C1
Nb2GaC,mp-1079546,0.0,5.32027995,0.0,"{41: 2, 31: 1, 6: 1}","[6, 31, 41]",61311412,Nb2Ga1C1
Tb3GaC,mp-1206878,0.0,3.11173132,0.0,"{65: 3, 31: 1, 6: 1}","[6, 31, 65]",61311653,Tb3Ga1C1
Lu3GaC,mp-1206912,0.0,3.07243448,0.0,"{71: 3, 31: 1, 6: 1}","[6, 31, 71]",61311713,Lu3Ga1C1
Ta2GaC,mp-1025427,0.0,6.15272341,0.0,"{73: 2, 31: 1, 6: 1}","[6, 31, 73]",61311732,Ta2Ga1C1
Nb2GeC,mp-1078811,0.0,6.7538785,0.0,"{41: 2, 32: 1, 6: 1}","[6, 32, 41]",61321412,Nb2Ge1C1
Ce5Ge3C,mp-1189506,0.0,6.72341041,0.0,"{58: 5, 32: 3, 6: 1}","[6, 32, 58]",61323585,Ce5Ge3C1
Dy5Ge3C,mp-1106133,0.0,3.47062647,0.0,"{66: 5, 32: 3, 6: 1}","[6, 32, 66]",61323665,Dy5Ge3C1
Ho5Ge3C,mp-1105990,0.0,4.06104546,0.0,"{67: 5, 32: 3, 6: 1}","[6, 32, 67]",61323675,Ho5Ge3C1
Er5Ge3C,mp-1105712,0.0,4.11574379,0.0,"{68: 5, 32: 3, 6: 1}","[6, 32, 68]",61323685,Er5Ge3C1
Tm5Ge3C,mp-1188096,0.0,3.41081315,0.0,"{69: 5, 32: 3, 6: 1}","[6, 32, 69]",61323695,Tm5Ge3C1
Lu5Ge3C,mp-1105603,0.0,4.1659649,0.0,"{71: 5, 32: 3, 6: 1}","[6, 32, 71]",61323715,Lu5Ge3C1
Nb10Ge6C,mp-1220750,0.0,5.94042395,0.0,"{41: 10, 32: 6, 6: 1}","[6, 32, 41]",613264110,Nb10Ge6C1
Nd15Ge9C,mp-1197766,0.0,4.01763426,0.0,"{60: 15, 32: 9, 6: 1}","[6, 32, 60]",613296015,Nd15Ge9C1
Nb2AsC,mp-9989,0.0,6.75039654,0.0,"{41: 2, 33: 1, 6: 1}","[6, 33, 41]",61331412,Nb2As1C1
C(Se2Br)2,mp-28131,1.4970999999999999,0.24344493,0.0,"{6: 1, 34: 4, 35: 2}","[6, 34, 35]",61344352,C1Se4Br2
Th6CBr14,mp-28168,0.6522000000000001,2.47025747,0.0,"{90: 6, 6: 1, 35: 14}","[6, 35, 90]",613514906,Th6C1Br14
Pr2CBr,mp-568066,0.0,4.9900757,0.0,"{59: 2, 6: 1, 35: 1}","[6, 35, 59]",61351592,Pr2C1Br1
GdCBr,mp-567572,0.0,3.00249207,0.0,"{64: 1, 6: 1, 35: 1}","[6, 35, 64]",61351641,Gd1C1Br1
Gd2CBr,mp-28522,0.0,4.95123749,0.0,"{64: 2, 6: 1, 35: 1}","[6, 35, 64]",61351642,Gd2C1Br1
TbCBr,mp-1025023,0.0,2.96238846,0.0,"{65: 1, 6: 1, 35: 1}","[6, 35, 65]",61351651,Tb1C1Br1
Tb2CBr,mp-1025498,0.0,5.31270379,0.0,"{65: 2, 6: 1, 35: 1}","[6, 35, 65]",61351652,Tb2C1Br1
Pr3CBr3,mp-1209799,0.0,4.30558278,0.0,"{59: 3, 6: 1, 35: 3}","[6, 35, 59]",61353593,Pr3C1Br3
CBr4,mp-680422,2.9265,-0.71639084,0.0,"{6: 1, 35: 4}","[6, 35]",61354,C1Br4
Pr3CBr5,mp-1179866,0.5933999999999999,3.09850688,0.0,"{59: 3, 6: 1, 35: 5}","[6, 35, 59]",61355593,Pr3C1Br5
RbZr6CI14,mp-1209204,0.0,3.99489545,0.0,"{37: 1, 40: 6, 6: 1, 53: 14}","[6, 37, 40, 53]",613714065314,Rb1Zr6C1I14
ZrC,mp-2795,0.0,5.77434079,0.0,"{40: 1, 6: 1}","[6, 40]",61401,Zr1C1
ZrRu3C,mp-10706,0.0,7.78904207,0.0,"{40: 1, 44: 3, 6: 1}","[6, 40, 44]",61401443,Zr1Ru3C1
Zr2InC,mp-20004,0.0,6.24500662,0.0,"{40: 2, 49: 1, 6: 1}","[6, 40, 49]",61402491,Zr2In1C1
Zr2SnC,mp-4613,0.0,6.97129634,0.0,"{40: 2, 50: 1, 6: 1}","[6, 40, 50]",61402501,Zr2Sn1C1
Zr2TlC,mp-1025524,0.0,6.24135752,0.0,"{40: 2, 81: 1, 6: 1}","[6, 40, 81]",61402811,Zr2Tl1C1
Zr2PbC,mp-1079992,0.0,6.94202042,0.0,"{40: 2, 82: 1, 6: 1}","[6, 40, 82]",61402821,Zr2Pb1C1
Zr5Sn3C,mp-1207413,0.0,6.7595044,0.0,"{40: 5, 50: 3, 6: 1}","[6, 40, 50]",61405503,Zr5Sn3C1
Zr5Sb3C,mp-1105738,0.0,7.56150026,0.0,"{40: 5, 51: 3, 6: 1}","[6, 40, 51]",61405513,Zr5Sb3C1
Zr6CI14,mp-28344,0.7934999999999999,2.80136651,0.0,"{40: 6, 6: 1, 53: 14}","[6, 40, 53]",614065314,Zr6C1I14
CsZr6CI14,mp-582176,0.0,3.94093123,0.0,"{55: 1, 40: 6, 6: 1, 53: 14}","[6, 40, 53, 55]",614065314551,Cs1Zr6C1I14
Cs2Zr7CI18,mp-571150,0.11840000000000028,3.88890435,0.0,"{55: 2, 40: 7, 6: 1, 53: 18}","[6, 40, 53, 55]",614075318552,Cs2Zr7C1I18
Nb2C,mp-569989,0.0,5.55107395,0.0,"{41: 2, 6: 1}","[6, 41]",61412,Nb2C1
Nb2InC,mp-19835,0.0,7.0534482,0.0,"{41: 2, 49: 1, 6: 1}","[6, 41, 49]",61412491,Nb2In1C1
Nb2SnC,mp-5443,0.0,7.8072834,0.0,"{41: 2, 50: 1, 6: 1}","[6, 41, 50]",61412501,Nb2Sn1C1
La14C14Cl9,mp-570240,0.0,7.44440147,0.0,"{57: 14, 6: 14, 17: 9}","[6, 17, 57]",6141795714,La14C14Cl9
Mo2C,mp-1552,0.0,8.61518803,0.0,"{42: 2, 6: 1}","[6, 42]",61422,Mo2C1
CeRu3C,mp-1206127,0.0,9.09503889,0.0,"{58: 1, 44: 3, 6: 1}","[6, 44, 58]",61443581,Ce1Ru3C1
DyRu3C,mp-1206121,0.0,6.77260655,0.0,"{66: 1, 44: 3, 6: 1}","[6, 44, 66]",61443661,Dy1Ru3C1
HoRu3C,mp-1206820,0.0,6.71920971,0.0,"{67: 1, 44: 3, 6: 1}","[6, 44, 67]",61443671,Ho1Ru3C1
ErRu3C,mp-1206911,0.0,6.69897523,0.0,"{68: 1, 44: 3, 6: 1}","[6, 44, 68]",61443681,Er1Ru3C1
TmRu3C,mp-1206773,0.0,6.66775119,0.0,"{69: 1, 44: 3, 6: 1}","[6, 44, 69]",61443691,Tm1Ru3C1
LuRu3C,mp-1207093,0.0,6.6395639,0.0,"{71: 1, 44: 3, 6: 1}","[6, 44, 71]",61443711,Lu1Ru3C1
ThRu3C,mp-22394,0.0,8.88235079,0.0,"{90: 1, 44: 3, 6: 1}","[6, 44, 90]",61443901,Th1Ru3C1
SmRh3C,mp-7167,0.0,6.10359398,0.0,"{62: 1, 45: 3, 6: 1}","[6, 45, 62]",61453621,Sm1Rh3C1
GdRh3C,mp-20182,0.0,5.72640681,0.0,"{64: 1, 45: 3, 6: 1}","[6, 45, 64]",61453641,Gd1Rh3C1
TbRh3C,mp-542103,0.0,6.27692277,0.0,"{65: 1, 45: 3, 6: 1}","[6, 45, 65]",61453651,Tb1Rh3C1
DyRh3C,mp-15856,0.0,6.25469755,0.0,"{66: 1, 45: 3, 6: 1}","[6, 45, 66]",61453661,Dy1Rh3C1
HoRh3C,mp-22664,0.0,6.23878868,0.0,"{67: 1, 45: 3, 6: 1}","[6, 45, 67]",61453671,Ho1Rh3C1
ErRh3C,mp-568727,0.0,6.22194768,0.0,"{68: 1, 45: 3, 6: 1}","[6, 45, 68]",61453681,Er1Rh3C1
TmRh3C,mp-10714,0.0,6.21031195,0.0,"{69: 1, 45: 3, 6: 1}","[6, 45, 69]",61453691,Tm1Rh3C1
LuRh3C,mp-10699,0.0,6.19634086,0.0,"{71: 1, 45: 3, 6: 1}","[6, 45, 71]",61453711,Lu1Rh3C1
La3InC,mp-29056,0.0,7.32305443,0.0,"{57: 3, 49: 1, 6: 1}","[6, 49, 57]",61491573,La3In1C1
Ce3InC,mp-20992,0.0,7.5772221,0.0,"{58: 3, 49: 1, 6: 1}","[6, 49, 58]",61491583,Ce3In1C1
Nd3InC,mp-20385,0.0,4.15417651,0.0,"{60: 3, 49: 1, 6: 1}","[6, 49, 60]",61491603,Nd3In1C1
Dy3InC,mp-19881,0.0,4.11101517,0.0,"{66: 3, 49: 1, 6: 1}","[6, 49, 66]",61491663,Dy3In1C1
Lu3InC,mp-1206516,0.0,4.28634854,0.0,"{71: 3, 49: 1, 6: 1}","[6, 49, 71]",61491713,Lu3In1C1
Hf2InC,mp-22156,0.0,6.95719039,0.0,"{72: 2, 49: 1, 6: 1}","[6, 49, 72]",61491722,Hf2In1C1
La3SnC,mp-1206443,0.0,7.78855268,0.0,"{57: 3, 50: 1, 6: 1}","[6, 50, 57]",61501573,La3Sn1C1
Gd3SnC,mp-1207074,0.0,4.59242852,0.0,"{64: 3, 50: 1, 6: 1}","[6, 50, 64]",61501643,Gd3Sn1C1
Dy3SnC,mp-19899,0.0,4.84140759,0.0,"{66: 3, 50: 1, 6: 1}","[6, 50, 66]",61501663,Dy3Sn1C1
Lu3SnC,mp-10609,0.0,5.03377335,0.0,"{71: 3, 50: 1, 6: 1}","[6, 50, 71]",61501713,Lu3Sn1C1
Hf2SnC,mp-4893,0.0,7.72352404,0.0,"{72: 2, 50: 1, 6: 1}","[6, 50, 72]",61501722,Hf2Sn1C1
Pr12(MnC3)5,mp-1209974,0.0,4.64571913,0.0,"{59: 12, 25: 5, 6: 15}","[6, 25, 59]",6152555912,Pr12Mn5C15
Nd12(MnC3)5,mp-1210168,0.0,4.55449025,0.0,"{60: 12, 25: 5, 6: 15}","[6, 25, 60]",6152556012,Nd12Mn5C15
Sm12(MnC3)5,mp-1208799,0.0,4.48532889,0.0,"{62: 12, 25: 5, 6: 15}","[6, 25, 62]",6152556212,Sm12Mn5C15
Tb12(MnC3)5,mp-1208636,0.0,4.63505184,0.0,"{65: 12, 25: 5, 6: 15}","[6, 25, 65]",6152556512,Tb12Mn5C15
Dy12(MnC3)5,mp-543017,0.0,4.62044084,0.0,"{66: 12, 25: 5, 6: 15}","[6, 25, 66]",6152556612,Dy12Mn5C15
Ho12(MnC3)5,mp-1212501,0.0,4.51856131,0.0,"{67: 12, 25: 5, 6: 15}","[6, 25, 67]",6152556712,Ho12Mn5C15
Er12(MnC3)5,mp-1213203,0.0,4.56199263,0.0,"{68: 12, 25: 5, 6: 15}","[6, 25, 68]",6152556812,Er12Mn5C15
Tm12(MnC3)5,mp-1208128,0.0,4.47784637,0.0,"{69: 12, 25: 5, 6: 15}","[6, 25, 69]",6152556912,Tm12Mn5C15
Lu12(MnC3)5,mp-1211114,0.0,4.45631044,0.0,"{71: 12, 25: 5, 6: 15}","[6, 25, 71]",6152557112,Lu12Mn5C15
CsEr6CI12,mp-23118,0.21999999999999975,3.79371137,0.0,"{55: 1, 68: 6, 6: 1, 53: 12}","[6, 53, 55, 68]",615312551686,Cs1Er6C1I12
Gd2CI,mp-28724,0.0,5.17990632,0.0,"{64: 2, 6: 1, 53: 1}","[6, 53, 64]",61531642,Gd2C1I1
Tb2CI,mp-1207197,0.0,6.09376497,0.0,"{65: 2, 6: 1, 53: 1}","[6, 53, 65]",61531652,Tb2C1I1
Gd3CI3,mp-1104611,0.06109999999999971,5.1373298,0.0,"{64: 3, 6: 1, 53: 3}","[6, 53, 64]",61533643,Gd3C1I3
Dy2CI3,mp-1225760,0.5520999999999998,3.3016921,0.0,"{66: 2, 6: 1, 53: 3}","[6, 53, 66]",61533662,Dy2C1I3
La3CI5,mp-568591,0.19200000000000017,5.3588169,0.0,"{57: 3, 6: 1, 53: 5}","[6, 53, 57]",61535573,La3C1I5
Ce3CI5,mp-573743,0.0,5.27979164,0.0,"{58: 3, 6: 1, 53: 5}","[6, 53, 58]",61535583,Ce3C1I5
CsPr3CI6,mp-1190682,0.7084000000000001,3.51581103,0.0,"{55: 1, 59: 3, 6: 1, 53: 6}","[6, 53, 55, 59]",61536551593,Cs1Pr3C1I6
La12(ReC3)5,mp-1212153,0.0,7.8530151,0.0,"{57: 12, 75: 5, 6: 15}","[6, 57, 75]",6155712755,La12Re5C15
Ce12(ReC3)5,mp-1203675,0.0,7.62411971,0.0,"{58: 12, 75: 5, 6: 15}","[6, 58, 75]",6155812755,Ce12Re5C15
Pr12(ReC3)5,mp-1199582,0.0,4.88880399,0.0,"{59: 12, 75: 5, 6: 15}","[6, 59, 75]",6155912755,Pr12Re5C15
Pr12(OsC3)5,mp-1209971,0.0,5.01746341,0.0,"{59: 12, 76: 5, 6: 15}","[6, 59, 76]",6155912765,Pr12Os5C15
Nd12(ReC3)5,mp-1199583,0.0,4.8099709,0.0,"{60: 12, 75: 5, 6: 15}","[6, 60, 75]",6156012755,Nd12Re5C15
Nd12(OsC3)5,mp-1210077,0.0,4.93985179,0.0,"{60: 12, 76: 5, 6: 15}","[6, 60, 76]",6156012765,Nd12Os5C15
Sm12(OsC3)5,mp-1209054,0.0,4.86106967,0.0,"{62: 12, 76: 5, 6: 15}","[6, 62, 76]",6156212765,Sm12Os5C15
Tb12(OsC3)5,mp-541859,0.0,5.04019482,0.0,"{65: 12, 76: 5, 6: 15}","[6, 65, 76]",6156512765,Tb12Os5C15
Dy12(OsC3)5,mp-1213247,0.0,4.96748579,0.0,"{66: 12, 76: 5, 6: 15}","[6, 66, 76]",6156612765,Dy12Os5C15
Tm12(OsC3)5,mp-1208137,0.0,4.8721805,0.0,"{69: 12, 76: 5, 6: 15}","[6, 69, 76]",6156912765,Tm12Os5C15
La3TlC,mp-7159,0.0,7.37765274,0.0,"{57: 3, 81: 1, 6: 1}","[6, 57, 81]",61573811,La3Tl1C1
La3PbC,mp-10611,0.0,7.75401348,0.0,"{57: 3, 82: 1, 6: 1}","[6, 57, 82]",61573821,La3Pb1C1
Sm2C,mp-1219177,0.0,3.21480881,0.0,"{62: 2, 6: 1}","[6, 62]",61622,Sm2C1
Sm3TlC,mp-10606,0.0,3.93723906,0.0,"{62: 3, 81: 1, 6: 1}","[6, 62, 81]",61623811,Sm3Tl1C1
Gd2C,mp-1224869,0.0,3.17211687,0.0,"{64: 2, 6: 1}","[6, 64]",61642,Gd2C1
Gd3TlC,mp-1207135,0.0,3.96642276,0.0,"{64: 3, 81: 1, 6: 1}","[6, 64, 81]",61643811,Gd3Tl1C1
Tb2C,mp-692,0.0,3.30989064,0.0,"{65: 2, 6: 1}","[6, 65]",61652,Tb2C1
Dy2C,mp-12574,0.0,3.222539,0.0,"{66: 2, 6: 1}","[6, 66]",61662,Dy2C1
Dy3PbC,mp-19818,0.0,4.8752399,0.0,"{66: 3, 82: 1, 6: 1}","[6, 66, 82]",61663821,Dy3Pb1C1
Ho2C,mp-1640,0.0,3.08003992,0.0,"{67: 2, 6: 1}","[6, 67]",61672,Ho2C1
Ho3PbC,mp-1206983,0.0,4.84597559,0.0,"{67: 3, 82: 1, 6: 1}","[6, 67, 82]",61673821,Ho3Pb1C1
Er2C,mp-1225044,0.0,3.07417852,0.0,"{68: 2, 6: 1}","[6, 68]",61682,Er2C1
Tm2C,mp-1216546,0.0,2.96205065,0.0,"{69: 2, 6: 1}","[6, 69]",61692,Tm2C1
Tm3PbC,mp-22542,0.0,4.91298711,0.0,"{69: 3, 82: 1, 6: 1}","[6, 69, 82]",61693821,Tm3Pb1C1
Lu2C,mp-1222310,0.0,2.91431147,0.0,"{71: 2, 6: 1}","[6, 71]",61712,Lu2C1
Lu3TlC,mp-10607,0.0,4.41398857,0.0,"{71: 3, 81: 1, 6: 1}","[6, 71, 81]",61713811,Lu3Tl1C1
Lu3PbC,mp-1206877,0.0,5.0204297,0.0,"{71: 3, 82: 1, 6: 1}","[6, 71, 82]",61713821,Lu3Pb1C1
HfC,mp-21075,0.0,6.37627258,0.0,"{72: 1, 6: 1}","[6, 72]",61721,Hf1C1
Hf2TlC,mp-1078712,0.0,6.99692237,0.0,"{72: 2, 81: 1, 6: 1}","[6, 72, 81]",61722811,Hf2Tl1C1
Hf2PbC,mp-1079076,0.0,7.6412452,0.0,"{72: 2, 82: 1, 6: 1}","[6, 72, 82]",61722821,Hf2Pb1C1
TaC,mp-1086,0.0,7.83089568,0.0,"{73: 1, 6: 1}","[6, 73]",61731,Ta1C1
Ta2C,mp-7088,0.0,6.50559956,0.0,"{73: 2, 6: 1}","[6, 73]",61732,Ta2C1
WC,mp-1894,0.0,7.93987235,0.0,"{74: 1, 6: 1}","[6, 74]",61741,W1C1
Re2C,mp-974437,0.0,8.26816147,0.0,"{75: 2, 6: 1}","[6, 75]",61752,Re2C1
K2Mn3V2CO11,mp-1195006,2.1887,1.12081321,0.0,"{19: 2, 25: 3, 23: 2, 6: 1, 8: 11}","[6, 8, 19, 23, 25]",61811192232253,K2Mn3V2C1O11
ScAlCO,mp-1080747,1.2166999999999994,6.03704088,0.0,"{21: 1, 13: 1, 6: 1, 8: 1}","[6, 8, 13, 21]",6181131211,Sc1Al1C1O1
K2OsCBr5O,mp-556047,0.5206,-0.12181481,0.0,"{19: 2, 76: 1, 6: 1, 35: 5, 8: 1}","[6, 8, 19, 35, 76]",6181192355761,K2Os1C1Br5O1
Sc2CO,mp-1219429,0.0,5.52440689,0.0,"{21: 2, 6: 1, 8: 1}","[6, 8, 21]",6181212,Sc2C1O1
Sr5Mn4CO13,mp-1218639,0.6452,2.74093911,0.0,"{38: 5, 25: 4, 6: 1, 8: 13}","[6, 8, 25, 38]",61813254385,Sr5Mn4C1O13
RbCOF3,mp-1209379,6.3842,-2.30817026,0.0,"{37: 1, 6: 1, 8: 1, 9: 3}","[6, 8, 9, 37]",618193371,Rb1C1O1F3
CsCOF3,mp-14734,6.1248000000000005,-2.16234427,0.0,"{55: 1, 6: 1, 8: 1, 9: 3}","[6, 8, 9, 55]",618193551,Cs1C1O1F3
CO2,mp-20066,6.6332,-4.09997108,0.0,"{6: 1, 8: 2}","[6, 8]",6182,C1O2
RbCO2,mp-556872,2.9410000000000003,-0.16031564,0.0,"{37: 1, 6: 1, 8: 2}","[6, 8, 37]",6182371,Rb1C1O2
Dy11(Mn2C3)6,mp-1213205,0.0,5.46602114,0.0,"{66: 11, 25: 12, 6: 18}","[6, 25, 66]",61825126611,Dy11Mn12C18
Tb10Mn13C18,mp-1197004,0.0,5.55830264,0.0,"{65: 10, 25: 13, 6: 18}","[6, 25, 65]",61825136510,Tb10Mn13C18
Ho10Mn13C18,mp-1199972,0.0,5.4668461,0.0,"{67: 10, 25: 13, 6: 18}","[6, 25, 67]",61825136710,Ho10Mn13C18
Er10Mn13C18,mp-1198824,0.0,5.46238345,0.0,"{68: 10, 25: 13, 6: 18}","[6, 25, 68]",61825136810,Er10Mn13C18
Tm10Mn13C18,mp-1204728,0.0,5.45152152,0.0,"{69: 10, 25: 13, 6: 18}","[6, 25, 69]",61825136910,Tm10Mn13C18
Lu10Mn13C18,mp-1203385,0.0,5.45509683,0.0,"{71: 10, 25: 13, 6: 18}","[6, 25, 71]",61825137110,Lu10Mn13C18
La11(MnC6)3,mp-1195612,0.5335999999999999,8.27362131,0.0,"{57: 11, 25: 3, 6: 18}","[6, 25, 57]",6182535711,La11Mn3C18
CsCO2,mp-555131,4.1556999999999995,0.29985246,0.0,"{55: 1, 6: 1, 8: 2}","[6, 8, 55]",6182551,Cs1C1O2
Na8Al6Si6CO27,mp-39823,3.2507,0.94286977,0.0,"{11: 8, 13: 6, 14: 6, 6: 1, 8: 27}","[6, 8, 11, 13, 14]",61827118136146,Na8Al6Si6C1O27
Ca10P6CO27,mp-1195864,5.1373999999999995,7.2672233,0.0,"{20: 10, 15: 6, 6: 1, 8: 27}","[6, 8, 15, 20]",618271562010,Ca10P6C1O27
NaCO3,mp-1120755,0.6623,-1.46431483,0.0,"{11: 1, 6: 1, 8: 3}","[6, 8, 11]",6183111,Na1C1O3
Na2CO3,mp-1201027,4.1922,1.15614698,0.0,"{11: 2, 6: 1, 8: 3}","[6, 8, 11]",6183112,Na2C1O3
MgCO3,mp-5348,4.9603,2.2261969,0.0,"{12: 1, 6: 1, 8: 3}","[6, 8, 12]",6183121,Mg1C1O3
KCO3,mp-1106094,0.8755999999999999,-2.07719981,0.0,"{19: 1, 6: 1, 8: 3}","[6, 8, 19]",6183191,K1C1O3
KAgCO3,mp-541966,2.2257,0.55496219,0.0,"{19: 1, 47: 1, 6: 1, 8: 3}","[6, 8, 19, 47]",6183191471,K1Ag1C1O3
K2CO3,mp-3963,3.649,0.09809253,0.0,"{19: 2, 6: 1, 8: 3}","[6, 8, 19]",6183192,K2C1O3
CaCO3,mp-3953,4.999499999999999,1.09729877,0.0,"{20: 1, 6: 1, 8: 3}","[6, 8, 20]",6183201,Ca1C1O3
MnCO3,mp-18814,3.2291,2.29586006,0.0,"{25: 1, 6: 1, 8: 3}","[6, 8, 25]",6183251,Mn1C1O3
CoCO3,mp-21434,0.0,3.43145723,0.0,"{27: 1, 6: 1, 8: 3}","[6, 8, 27]",6183271,Co1C1O3
NiCO3,mp-19147,0.0,4.39487297,0.0,"{28: 1, 6: 1, 8: 3}","[6, 8, 28]",6183281,Ni1C1O3
ZnCO3,mp-9812,3.5639,1.7508971,0.0,"{30: 1, 6: 1, 8: 3}","[6, 8, 30]",6183301,Zn1C1O3
Rb2CO3,mp-4138,3.2867,0.18989602,0.0,"{37: 2, 6: 1, 8: 3}","[6, 8, 37]",6183372,Rb2C1O3
SrCO3,mp-3822,4.4416,1.1268441,0.0,"{38: 1, 6: 1, 8: 3}","[6, 8, 38]",6183381,Sr1C1O3
Ag2CO3,mp-4691,0.47360000000000024,1.709619,0.0,"{47: 2, 6: 1, 8: 3}","[6, 8, 47]",6183472,Ag2C1O3
CdCO3,mp-4385,2.6226000000000003,0.99032799,0.0,"{48: 1, 6: 1, 8: 3}","[6, 8, 48]",6183481,Cd1C1O3
Cs2CO3,mp-616458,3.3306,1.010448,0.0,"{55: 2, 6: 1, 8: 3}","[6, 8, 55]",6183552,Cs2C1O3
EuCO3,mp-554518,0.42929999999999957,4.92373906,0.0,"{63: 1, 6: 1, 8: 3}","[6, 8, 63]",6183631,Eu1C1O3
Tl2CO3,mp-543045,2.9095000000000004,1.74327222,0.0,"{81: 2, 6: 1, 8: 3}","[6, 8, 81]",6183812,Tl2C1O3
PbCO3,mp-19893,3.3293,2.63507892,0.0,"{82: 1, 6: 1, 8: 3}","[6, 8, 82]",6183821,Pb1C1O3
RbMgCO3F,mp-1190296,4.716,0.61583785,0.0,"{37: 1, 12: 1, 6: 1, 8: 3, 9: 1}","[6, 8, 9, 12, 37]",618391121371,Rb1Mg1C1O3F1
KCaCO3F,mp-6867,4.3552,0.47038234,0.0,"{19: 1, 20: 1, 6: 1, 8: 3, 9: 1}","[6, 8, 9, 19, 20]",618391191201,K1Ca1C1O3F1
KSrCO3F,mp-865427,4.1032,-0.01300866,0.0,"{19: 1, 38: 1, 6: 1, 8: 3, 9: 1}","[6, 8, 9, 19, 38]",618391191381,K1Sr1C1O3F1
RbCaCO3F,mp-861440,4.2974,0.3604701,0.0,"{37: 1, 20: 1, 6: 1, 8: 3, 9: 1}","[6, 8, 9, 20, 37]",618391201371,Rb1Ca1C1O3F1
CsCaCO3F,mp-862701,4.5255,0.74963009,0.0,"{55: 1, 20: 1, 6: 1, 8: 3, 9: 1}","[6, 8, 9, 20, 55]",618391201551,Cs1Ca1C1O3F1
RbSrCO3F,mp-863745,4.1259,-0.02542798,0.0,"{37: 1, 38: 1, 6: 1, 8: 3, 9: 1}","[6, 8, 9, 37, 38]",618391371381,Rb1Sr1C1O3F1
LaCO3F,mp-638731,3.9263,3.61855494,0.0,"{57: 1, 6: 1, 8: 3, 9: 1}","[6, 8, 9, 57]",618391571,La1C1O3F1
CeCO3F,mp-20288,0.07989999999999942,6.26977621,0.0,"{58: 1, 6: 1, 8: 3, 9: 1}","[6, 8, 9, 58]",618391581,Ce1C1O3F1
KGdCO3F2,mp-554005,0.4727,0.70819011,0.0,"{19: 1, 64: 1, 6: 1, 8: 3, 9: 2}","[6, 8, 9, 19, 64]",618392191641,K1Gd1C1O3F2
Na2EuC(OF)3,mp-556836,0.02460000000000001,0.21217786,0.0,"{11: 2, 63: 1, 6: 1, 8: 3, 9: 3}","[6, 8, 9, 11, 63]",618393112631,Na2Eu1C1O3F3
Sr2AlCO3F5,mp-555467,5.2124,0.86890135,0.0,"{38: 2, 13: 1, 6: 1, 8: 3, 9: 5}","[6, 8, 9, 13, 38]",618395131382,Sr2Al1C1O3F5
Sr2VCO3F5,mp-759772,3.765,3.17485352,0.0,"{38: 2, 23: 1, 6: 1, 8: 3, 9: 5}","[6, 8, 9, 23, 38]",618395231382,Sr2V1C1O3F5
Sr2CrCO3F5,mp-766492,3.0801,3.65918954,0.0,"{38: 2, 24: 1, 6: 1, 8: 3, 9: 5}","[6, 8, 9, 24, 38]",618395241382,Sr2Cr1C1O3F5
Al4CO4,mp-13703,3.8232999999999997,3.27698187,0.0,"{13: 4, 6: 1, 8: 4}","[6, 8, 13]",6184134,Al4C1O4
Th11(Ru2C3)6,mp-2868,0.0,7.90977094,0.0,"{90: 11, 44: 12, 6: 18}","[6, 44, 90]",61844129011,Th11Ru12C18
Ho9Sb5CO4,mp-1195820,0.0,4.78368223,0.0,"{67: 9, 51: 5, 6: 1, 8: 4}","[6, 8, 51, 67]",6184515679,Ho9Sb5C1O4
NdCO4,mp-1198371,0.0,1.17079591,0.0,"{60: 1, 6: 1, 8: 4}","[6, 8, 60]",6184601,Nd1C1O4
SmCO4,mp-1201399,0.0,1.11063161,0.0,"{62: 1, 6: 1, 8: 4}","[6, 8, 62]",6184621,Sm1C1O4
Pb2CO4,mp-505702,3.4158,2.68055924,0.0,"{82: 2, 6: 1, 8: 4}","[6, 8, 82]",6184822,Pb2C1O4
NaNpCO5,mp-608031,0.0376000000000003,4.08292374,0.0,"{11: 1, 93: 1, 6: 1, 8: 5}","[6, 8, 11, 93]",6185111931,Na1Np1C1O5
KPuCO5,mp-561433,0.4342999999999999,3.33353649,0.0,"{19: 1, 94: 1, 6: 1, 8: 5}","[6, 8, 19, 94]",6185191941,K1Pu1C1O5
La2CO5,mp-555349,3.9487000000000005,4.34912043,0.0,"{57: 2, 6: 1, 8: 5}","[6, 8, 57]",6185572,La2C1O5
Nd2CO5,mp-1173626,3.9783999999999997,6.34995119,0.0,"{60: 2, 6: 1, 8: 5}","[6, 8, 60]",6185602,Nd2C1O5
Dy2CO5,mp-1225362,4.4556,1.97614427,0.0,"{66: 2, 6: 1, 8: 5}","[6, 8, 66]",6185662,Dy2C1O5
Mn26As18CO57,mp-1223358,0.0,2.3999839,0.0,"{25: 26, 33: 18, 6: 1, 8: 57}","[6, 8, 25, 33]",6185725263318,Mn26As18C1O57
Bi2CO5,mp-556210,2.2747,4.24221591,0.0,"{83: 2, 6: 1, 8: 5}","[6, 8, 83]",6185832,Bi2C1O5
Na2AlPCO7,mp-768146,5.0719,1.0857093,0.0,"{11: 2, 13: 1, 15: 1, 6: 1, 8: 7}","[6, 8, 11, 13, 15]",6187112131151,Na2Al1P1C1O7
Na2ScPCO7,mp-767518,4.0815,0.48857394,0.0,"{11: 2, 21: 1, 15: 1, 6: 1, 8: 7}","[6, 8, 11, 15, 21]",6187112151211,Na2Sc1P1C1O7
Na2VPCO7,mp-770717,1.7865,1.14073901,0.0,"{11: 2, 23: 1, 15: 1, 6: 1, 8: 7}","[6, 8, 11, 15, 23]",6187112151231,Na2V1P1C1O7
Na2CrPCO7,mp-769616,2.6488,0.53886541,0.0,"{11: 2, 24: 1, 15: 1, 6: 1, 8: 7}","[6, 8, 11, 15, 24]",6187112151241,Na2Cr1P1C1O7
Na2MnPCO7,mp-780530,0.24269999999999992,0.91440841,0.0,"{11: 2, 25: 1, 15: 1, 6: 1, 8: 7}","[6, 8, 11, 15, 25]",6187112151251,Na2Mn1P1C1O7
Na2GaPCO7,mp-768120,3.7817,0.69869114,0.0,"{11: 2, 31: 1, 15: 1, 6: 1, 8: 7}","[6, 8, 11, 15, 31]",6187112151311,Na2Ga1P1C1O7
Na2InPCO7,mp-767521,2.7683,1.3404557,0.0,"{11: 2, 49: 1, 15: 1, 6: 1, 8: 7}","[6, 8, 11, 15, 49]",6187112151491,Na2In1P1C1O7
Na2SbPCO7,mp-768144,3.6837,1.33958058,0.0,"{11: 2, 51: 1, 15: 1, 6: 1, 8: 7}","[6, 8, 11, 15, 51]",6187112151511,Na2Sb1P1C1O7
Na2TlPCO7,mp-756769,1.1597000000000002,1.2635312,0.0,"{11: 2, 81: 1, 15: 1, 6: 1, 8: 7}","[6, 8, 11, 15, 81]",6187112151811,Na2Tl1P1C1O7
Na2BiPCO7,mp-768140,3.4772000000000003,1.01353598,0.0,"{11: 2, 83: 1, 15: 1, 6: 1, 8: 7}","[6, 8, 11, 15, 83]",6187112151831,Na2Bi1P1C1O7
Na2VAsCO7,mp-771012,2.1657,0.86672645,0.0,"{11: 2, 23: 1, 33: 1, 6: 1, 8: 7}","[6, 8, 11, 23, 33]",6187112231331,Na2V1As1C1O7
Na2CrAsCO7,mp-771169,2.4049,0.13733058,0.0,"{11: 2, 24: 1, 33: 1, 6: 1, 8: 7}","[6, 8, 11, 24, 33]",6187112241331,Na2Cr1As1C1O7
Na2MnAsCO7,mp-773119,0.6423,0.62569342,0.0,"{11: 2, 25: 1, 33: 1, 6: 1, 8: 7}","[6, 8, 11, 25, 33]",6187112251331,Na2Mn1As1C1O7
Na2CoAsCO7,mp-772664,0.8344999999999999,0.59449391,0.0,"{11: 2, 27: 1, 33: 1, 6: 1, 8: 7}","[6, 8, 11, 27, 33]",6187112271331,Na2Co1As1C1O7
Na2BiAsCO7,mp-1176418,3.4802999999999997,0.49004116,0.0,"{11: 2, 83: 1, 33: 1, 6: 1, 8: 7}","[6, 8, 11, 33, 83]",6187112331831,Na2Bi1As1C1O7
Na3MgPCO7,mp-768154,4.2436,1.30329288,0.0,"{11: 3, 12: 1, 15: 1, 6: 1, 8: 7}","[6, 8, 11, 12, 15]",6187113121151,Na3Mg1P1C1O7
Na3VSiCO7,mp-770947,1.5607000000000002,2.64842587,0.0,"{11: 3, 23: 1, 14: 1, 6: 1, 8: 7}","[6, 8, 11, 14, 23]",6187113141231,Na3V1Si1C1O7
Na3MnSiCO7,mp-772101,1.1273,1.75963851,0.0,"{11: 3, 25: 1, 14: 1, 6: 1, 8: 7}","[6, 8, 11, 14, 25]",6187113141251,Na3Mn1Si1C1O7
Na3SiBiCO7,mp-768663,3.2499000000000002,2.25470078,0.0,"{11: 3, 14: 1, 83: 1, 6: 1, 8: 7}","[6, 8, 11, 14, 83]",6187113141831,Na3Si1Bi1C1O7
Na3CaPCO7,mp-767552,4.1204,0.99582656,0.0,"{11: 3, 20: 1, 15: 1, 6: 1, 8: 7}","[6, 8, 11, 15, 20]",6187113151201,Na3Ca1P1C1O7
Na3MnPCO7,mp-19261,2.0790999999999995,2.52992476,0.0,"{11: 3, 25: 1, 15: 1, 6: 1, 8: 7}","[6, 8, 11, 15, 25]",6187113151251,Na3Mn1P1C1O7
Na3CoPCO7,mp-770948,2.8697,1.6181295,0.0,"{11: 3, 27: 1, 15: 1, 6: 1, 8: 7}","[6, 8, 11, 15, 27]",6187113151271,Na3Co1P1C1O7
Na3NiPCO7,mp-770968,3.8394,1.65025264,0.0,"{11: 3, 28: 1, 15: 1, 6: 1, 8: 7}","[6, 8, 11, 15, 28]",6187113151281,Na3Ni1P1C1O7
Na3CdPCO7,mp-767430,3.1961,0.95422185,0.0,"{11: 3, 48: 1, 15: 1, 6: 1, 8: 7}","[6, 8, 11, 15, 48]",6187113151481,Na3Cd1P1C1O7
Na3MnAsCO7,mp-771035,2.1050000000000004,1.7084417,0.0,"{11: 3, 25: 1, 33: 1, 6: 1, 8: 7}","[6, 8, 11, 25, 33]",6187113251331,Na3Mn1As1C1O7
Na3CoAsCO7,mp-773177,2.6166,1.55607565,0.0,"{11: 3, 27: 1, 33: 1, 6: 1, 8: 7}","[6, 8, 11, 27, 33]",6187113271331,Na3Co1As1C1O7
Na3NiAsCO7,mp-770940,3.304,1.45761309,0.0,"{11: 3, 28: 1, 33: 1, 6: 1, 8: 7}","[6, 8, 11, 28, 33]",6187113281331,Na3Ni1As1C1O7
K2ScPCO7,mp-772763,3.9723,-0.18518608,0.0,"{19: 2, 21: 1, 15: 1, 6: 1, 8: 7}","[6, 8, 15, 19, 21]",6187151192211,K2Sc1P1C1O7
K2VPCO7,mp-754947,1.6536,0.76203369,0.0,"{19: 2, 23: 1, 15: 1, 6: 1, 8: 7}","[6, 8, 15, 19, 23]",6187151192231,K2V1P1C1O7
K2CrPCO7,mp-756910,2.1462000000000003,0.05741721,0.0,"{19: 2, 24: 1, 15: 1, 6: 1, 8: 7}","[6, 8, 15, 19, 24]",6187151192241,K2Cr1P1C1O7
K2MnPCO7,mp-769604,0.7031,0.0600856,0.0,"{19: 2, 25: 1, 15: 1, 6: 1, 8: 7}","[6, 8, 15, 19, 25]",6187151192251,K2Mn1P1C1O7
K2SbPCO7,mp-756981,3.8332999999999995,0.59530455,0.0,"{19: 2, 51: 1, 15: 1, 6: 1, 8: 7}","[6, 8, 15, 19, 51]",6187151192511,K2Sb1P1C1O7
K2TlPCO7,mp-1178146,1.2816,0.31103295,0.0,"{19: 2, 81: 1, 15: 1, 6: 1, 8: 7}","[6, 8, 15, 19, 81]",6187151192811,K2Tl1P1C1O7
K2BiPCO7,mp-772808,3.626,0.27092322,0.0,"{19: 2, 83: 1, 15: 1, 6: 1, 8: 7}","[6, 8, 15, 19, 83]",6187151192831,K2Bi1P1C1O7
K3CaPCO7,mp-756968,4.3648,0.32395768,0.0,"{19: 3, 20: 1, 15: 1, 6: 1, 8: 7}","[6, 8, 15, 19, 20]",6187151193201,K3Ca1P1C1O7
K3MnPCO7,mp-1178149,3.5748,4.60772912,0.0,"{19: 3, 25: 1, 15: 1, 6: 1, 8: 7}","[6, 8, 15, 19, 25]",6187151193251,K3Mn1P1C1O7
K3NiPCO7,mp-754510,3.7622000000000004,0.93619638,0.0,"{19: 3, 28: 1, 15: 1, 6: 1, 8: 7}","[6, 8, 15, 19, 28]",6187151193281,K3Ni1P1C1O7
Sr4Tl2CO9,mp-1218552,1.3472999999999997,3.79993699,0.0,"{38: 4, 81: 2, 6: 1, 8: 9}","[6, 8, 38, 81]",6189384812,Sr4Tl2C1O9
ThC,mp-1164,0.0,6.95433119,0.0,"{90: 1, 6: 1}","[6, 90]",61901,Th1C1
Th5C,mp-1217298,0.0,7.76013966,0.0,"{90: 5, 6: 1}","[6, 90]",61905,Th5C1
PaC,mp-567580,0.0,10.95388067,0.0,"{91: 1, 6: 1}","[6, 91]",61911,Pa1C1
UC,mp-2489,0.0,11.33445738,0.0,"{92: 1, 6: 1}","[6, 92]",61921,U1C1
Gd2CF2,mp-8301,0.7328000000000001,3.41776798,0.0,"{64: 2, 6: 1, 9: 2}","[6, 9, 64]",6192642,Gd2C1F2
Ho2CF2,mp-9006,1.1355000000000004,3.66446441,0.0,"{67: 2, 6: 1, 9: 2}","[6, 9, 67]",6192672,Ho2C1F2
CF4,mp-1167,9.3354,-5.38132639,0.0,"{6: 1, 9: 4}","[6, 9]",6194,C1F4
Er10Ru10C19,mp-28472,0.0,6.32978616,0.0,"{68: 10, 44: 10, 6: 19}","[6, 44, 68]",61944106810,Er10Ru10C19
Ti3AlC2,mp-3747,0.0,6.95563937,0.0,"{22: 3, 13: 1, 6: 2}","[6, 13, 22]",62131223,Ti3Al1C2
Nb3AlC2,mp-996161,0.0,6.84122663,0.0,"{41: 3, 13: 1, 6: 2}","[6, 13, 41]",62131413,Nb3Al1C2
Ta3AlC2,mp-569568,0.0,7.43736568,0.0,"{73: 3, 13: 1, 6: 2}","[6, 13, 73]",62131733,Ta3Al1C2
TiNb3(AlC)2,mp-1216715,0.0,6.37233669,0.0,"{22: 1, 41: 3, 13: 2, 6: 2}","[6, 13, 22, 41]",62132221413,Ti1Nb3Al2C2
Ti3Nb(AlC)2,mp-1217102,0.0,6.67223004,0.0,"{22: 3, 41: 1, 13: 2, 6: 2}","[6, 13, 22, 41]",62132223411,Ti3Nb1Al2C2
Ti3SiC2,mp-5659,0.0,7.80301839,0.0,"{22: 3, 14: 1, 6: 2}","[6, 14, 22]",62141223,Ti3Si1C2
U3(SiC)2,mp-28838,0.0,11.42062837,0.0,"{92: 3, 14: 2, 6: 2}","[6, 14, 92]",62142923,U3Si2C2
V18P9C2,mp-1195743,0.0,8.51670729,0.0,"{23: 18, 15: 9, 6: 2}","[6, 15, 23]",621592318,V18P9C2
KLa5(CCl5)2,mp-571240,1.7157999999999998,4.45450979,0.0,"{19: 1, 57: 5, 6: 2, 17: 10}","[6, 17, 19, 57]",621710191575,K1La5C2Cl10
KPr5(CCl5)2,mp-1223605,2.1273000000000004,2.83517511,0.0,"{19: 1, 59: 5, 6: 2, 17: 10}","[6, 17, 19, 59]",621710191595,K1Pr5C2Cl10
Sc7(CCl5)2,mp-29315,0.0,4.49061654,0.0,"{21: 7, 6: 2, 17: 10}","[6, 17, 21]",621710217,Sc7C2Cl10
La2C2Cl,mp-567694,0.0,7.70439012,0.0,"{57: 2, 6: 2, 17: 1}","[6, 17, 57]",62171572,La2C2Cl1
Ce2C2Cl,mp-1078814,0.0,7.70258807,0.0,"{58: 2, 6: 2, 17: 1}","[6, 17, 58]",62171582,Ce2C2Cl1
Gd4C2Cl3,mp-1203227,0.0,4.13511692,0.0,"{64: 4, 6: 2, 17: 3}","[6, 17, 64]",62173644,Gd4C2Cl3
La4C2Cl5,mp-569637,0.0,6.62285763,0.0,"{57: 4, 6: 2, 17: 5}","[6, 17, 57]",62175574,La4C2Cl5
Pr4C2Cl5,mp-570498,0.0,4.4059609,0.0,"{59: 4, 6: 2, 17: 5}","[6, 17, 59]",62175594,Pr4C2Cl5
La5C2Cl9,mp-619791,1.6330999999999998,5.54928545,0.0,"{57: 5, 6: 2, 17: 9}","[6, 17, 57]",62179575,La5C2Cl9
Gd5C2Cl9,mp-1199531,0.5501999999999998,2.02551094,0.0,"{64: 5, 6: 2, 17: 9}","[6, 17, 64]",62179645,Gd5C2Cl9
K2PtC2,mp-976876,0.9937999999999998,1.18412465,0.0,"{19: 2, 78: 1, 6: 2}","[6, 19, 78]",62192781,K2Pt1C2
ScCrC2,mp-4992,0.0,7.4639045,0.0,"{21: 1, 24: 1, 6: 2}","[6, 21, 24]",62211241,Sc1Cr1C2
ScCoC2,mp-615314,0.0,6.4122506,0.0,"{21: 1, 27: 1, 6: 2}","[6, 21, 27]",62211271,Sc1Co1C2
Sc6C2I11,mp-541102,0.3740999999999999,3.2922083,0.0,"{21: 6, 6: 2, 53: 11}","[6, 21, 53]",622165311,Sc6C2I11
TiNbC2,mp-1216707,0.0,7.45965931,0.0,"{22: 1, 41: 1, 6: 2}","[6, 22, 41]",62221411,Ti1Nb1C2
TaTiC2,mp-1217904,0.0,7.92361173,0.0,"{73: 1, 22: 1, 6: 2}","[6, 22, 73]",62221731,Ta1Ti1C2
Ti3GeC2,mp-1095505,0.0,7.60476869,0.0,"{22: 3, 32: 1, 6: 2}","[6, 22, 32]",62223321,Ti3Ge1C2
Ti3SnC2,mp-21023,0.0,8.41313464,0.0,"{22: 3, 50: 1, 6: 2}","[6, 22, 50]",62223501,Ti3Sn1C2
UVC2,mp-7810,0.0,9.9491543,0.0,"{92: 1, 23: 1, 6: 2}","[6, 23, 92]",62231921,U1V1C2
Ta6V3Co3C2,mp-1218094,0.0,6.09503254,0.0,"{73: 6, 23: 3, 27: 3, 6: 2}","[6, 23, 27, 73]",62233273736,Ta6V3Co3C2
Nb6V3Ni3C2,mp-1220550,0.0,6.0449906,0.0,"{41: 6, 23: 3, 28: 3, 6: 2}","[6, 23, 28, 41]",62233283416,Nb6V3Ni3C2
Ta6V3Ni3C2,mp-1218112,0.0,6.57777366,0.0,"{73: 6, 23: 3, 28: 3, 6: 2}","[6, 23, 28, 73]",62233283736,Ta6V3Ni3C2
UCrC2,mp-1190293,0.0,10.38573893,0.0,"{92: 1, 24: 1, 6: 2}","[6, 24, 92]",62241921,U1Cr1C2
Cr3C2,mp-20937,0.0,8.30546813,0.0,"{24: 3, 6: 2}","[6, 24]",62243,Cr3C2
Ce2Mn17C2,mp-1227057,0.0,6.76655527,0.0,"{58: 2, 25: 17, 6: 2}","[6, 25, 58]",622517582,Ce2Mn17C2
Th2Mn17C2,mp-1217454,0.0,6.67282404,0.0,"{90: 2, 25: 17, 6: 2}","[6, 25, 90]",622517902,Th2Mn17C2
UMnC2,mp-1207882,0.0,10.27932128,0.0,"{92: 1, 25: 1, 6: 2}","[6, 25, 92]",62251921,U1Mn1C2
LaCoC2,mp-1078624,0.04219999999999935,8.42327351,0.0,"{57: 1, 27: 1, 6: 2}","[6, 27, 57]",62271571,La1Co1C2
CeCoC2,mp-20753,0.0,8.24416339,0.0,"{58: 1, 27: 1, 6: 2}","[6, 27, 58]",62271581,Ce1Co1C2
PrCoC2,mp-567341,0.0,5.54322569,0.0,"{59: 1, 27: 1, 6: 2}","[6, 27, 59]",62271591,Pr1Co1C2
NdCoC2,mp-8761,0.0,5.49027289,0.0,"{60: 1, 27: 1, 6: 2}","[6, 27, 60]",62271601,Nd1Co1C2
SmCoC2,mp-1079121,0.0,5.31951122,0.0,"{62: 1, 27: 1, 6: 2}","[6, 27, 62]",62271621,Sm1Co1C2
GdCoC2,mp-1018146,0.0,5.19123605,0.0,"{64: 1, 27: 1, 6: 2}","[6, 27, 64]",62271641,Gd1Co1C2
TbCoC2,mp-5106,0.0,5.5804848,0.0,"{65: 1, 27: 1, 6: 2}","[6, 27, 65]",62271651,Tb1Co1C2
DyCoC2,mp-3847,0.0,5.51978552,0.0,"{66: 1, 27: 1, 6: 2}","[6, 27, 66]",62271661,Dy1Co1C2
HoCoC2,mp-9241,0.0,5.46054627,0.0,"{67: 1, 27: 1, 6: 2}","[6, 27, 67]",62271671,Ho1Co1C2
ErCoC2,mp-13501,0.0,5.49203116,0.0,"{68: 1, 27: 1, 6: 2}","[6, 27, 68]",62271681,Er1Co1C2
TmCoC2,mp-13502,0.0,5.47271522,0.0,"{69: 1, 27: 1, 6: 2}","[6, 27, 69]",62271691,Tm1Co1C2
LuCoC2,mp-1001614,0.0,5.51971252,0.0,"{71: 1, 27: 1, 6: 2}","[6, 27, 71]",62271711,Lu1Co1C2
ThCoC2,mp-999088,0.0,8.11906491,0.0,"{90: 1, 27: 1, 6: 2}","[6, 27, 90]",62271901,Th1Co1C2
UCoC2,mp-1079701,0.0,10.83917766,0.0,"{92: 1, 27: 1, 6: 2}","[6, 27, 92]",62271921,U1Co1C2
PuCoC2,mp-999290,0.0,9.73248444,0.0,"{94: 1, 27: 1, 6: 2}","[6, 27, 94]",62271941,Pu1Co1C2
LaNiC2,mp-1018048,0.0,8.82344595,0.0,"{57: 1, 28: 1, 6: 2}","[6, 28, 57]",62281571,La1Ni1C2
PrNiC2,mp-9312,0.0,6.16415579,0.0,"{59: 1, 28: 1, 6: 2}","[6, 28, 59]",62281591,Pr1Ni1C2
NdNiC2,mp-5383,0.0,6.15211154,0.0,"{60: 1, 28: 1, 6: 2}","[6, 28, 60]",62281601,Nd1Ni1C2
GdNiC2,mp-1065668,0.0,6.20622663,0.0,"{64: 1, 28: 1, 6: 2}","[6, 28, 64]",62281641,Gd1Ni1C2
TbNiC2,mp-3061,0.0,6.46874777,0.0,"{65: 1, 28: 1, 6: 2}","[6, 28, 65]",62281651,Tb1Ni1C2
DyNiC2,mp-4587,0.0,6.46987556,0.0,"{66: 1, 28: 1, 6: 2}","[6, 28, 66]",62281661,Dy1Ni1C2
HoNiC2,mp-5154,0.0,6.44004753,0.0,"{67: 1, 28: 1, 6: 2}","[6, 28, 67]",62281671,Ho1Ni1C2
ErNiC2,mp-11723,0.0,6.48950917,0.0,"{68: 1, 28: 1, 6: 2}","[6, 28, 68]",62281681,Er1Ni1C2
TmNiC2,mp-4037,0.0,6.48963785,0.0,"{69: 1, 28: 1, 6: 2}","[6, 28, 69]",62281691,Tm1Ni1C2
LuNiC2,mp-1001603,0.0,6.47357177,0.0,"{71: 1, 28: 1, 6: 2}","[6, 28, 71]",62281711,Lu1Ni1C2
Th2NiC2,mp-1206327,0.0,7.28511096,0.0,"{90: 2, 28: 1, 6: 2}","[6, 28, 90]",62281902,Th2Ni1C2
Ce3C2Br3,mp-1215059,0.0,5.8369529,0.0,"{58: 3, 6: 2, 35: 3}","[6, 35, 58]",62353583,Ce3C2Br3
Tb4C2Br3,mp-1208505,0.0,4.29224802,0.0,"{65: 4, 6: 2, 35: 3}","[6, 35, 65]",62353654,Tb4C2Br3
La4C2Br5,mp-569873,0.0,5.70624051,0.0,"{57: 4, 6: 2, 35: 5}","[6, 35, 57]",62355574,La4C2Br5
Pr4C2Br5,mp-1220591,0.0,4.18823554,0.0,"{59: 4, 6: 2, 35: 5}","[6, 35, 59]",62355594,Pr4C2Br5
Pr5(CBr4)2,mp-571575,0.6061000000000001,2.68151144,0.0,"{59: 5, 6: 2, 35: 8}","[6, 35, 59]",62358595,Pr5C2Br8
La5C2Br9,mp-29070,1.7523999999999997,4.21610175,0.0,"{57: 5, 6: 2, 35: 9}","[6, 35, 57]",62359575,La5C2Br9
Tb5C2Br9,mp-30229,0.6579000000000002,1.59541676,0.0,"{65: 5, 6: 2, 35: 9}","[6, 35, 65]",62359655,Tb5C2Br9
Dy5C2Br9,mp-567407,0.7994000000000001,1.63341817,0.0,"{66: 5, 6: 2, 35: 9}","[6, 35, 66]",62359665,Dy5C2Br9
Er5C2Br9,mp-29401,1.7638000000000003,1.65937588,0.0,"{68: 5, 6: 2, 35: 9}","[6, 35, 68]",62359685,Er5C2Br9
RbPr6(CI6)2,mp-567940,0.16620000000000035,2.9999315,0.0,"{37: 1, 59: 6, 6: 2, 53: 12}","[6, 37, 53, 59]",623715312596,Rb1Pr6C2I12
Rb2PtC2,mp-10919,1.1361999999999999,1.2735678,0.0,"{37: 2, 78: 1, 6: 2}","[6, 37, 78]",62372781,Rb2Pt1C2
ZrNbC2,mp-1215222,0.0,6.55646779,0.0,"{40: 1, 41: 1, 6: 2}","[6, 40, 41]",62401411,Zr1Nb1C2
ZrTaC2,mp-1215219,0.0,7.00926103,0.0,"{40: 1, 73: 1, 6: 2}","[6, 40, 73]",62401731,Zr1Ta1C2
ZrUC2,mp-1215195,0.0,8.45572041,0.0,"{40: 1, 92: 1, 6: 2}","[6, 40, 92]",62401921,Zr1U1C2
HfNbC2,mp-1224334,0.0,6.85592642,0.0,"{72: 1, 41: 1, 6: 2}","[6, 41, 72]",62411721,Hf1Nb1C2
UNbC2,mp-1216653,0.0,9.54651312,0.0,"{92: 1, 41: 1, 6: 2}","[6, 41, 92]",62411921,U1Nb1C2
Pr2MoC2,mp-31258,0.0,5.50764881,0.0,"{59: 2, 42: 1, 6: 2}","[6, 42, 59]",62421592,Pr2Mo1C2
Nd2MoC2,mp-603912,0.0,5.41622453,0.0,"{60: 2, 42: 1, 6: 2}","[6, 42, 60]",62421602,Nd2Mo1C2
UMoC2,mp-3991,0.0,10.59648973,0.0,"{92: 1, 42: 1, 6: 2}","[6, 42, 92]",62421921,U1Mo1C2
PuMoC2,mp-1209553,0.0,10.57747824,0.0,"{94: 1, 42: 1, 6: 2}","[6, 42, 94]",62421941,Pu1Mo1C2
UTcC2,mp-1188570,0.0,10.95250332,0.0,"{92: 1, 43: 1, 6: 2}","[6, 43, 92]",62431921,U1Tc1C2
GdRuC2,mp-582826,0.0,5.7499805,0.0,"{64: 1, 44: 1, 6: 2}","[6, 44, 64]",62441641,Gd1Ru1C2
U2RuC2,mp-1069160,0.0,10.74470883,0.0,"{92: 2, 44: 1, 6: 2}","[6, 44, 92]",62441922,U2Ru1C2
U2RhC2,mp-1069790,0.0,10.59878389,0.0,"{92: 2, 45: 1, 6: 2}","[6, 45, 92]",62451922,U2Rh1C2
La3C2I3,mp-569686,0.03289999999999971,6.80543312,0.0,"{57: 3, 6: 2, 53: 3}","[6, 53, 57]",62533573,La3C2I3
La4C2I5,mp-1223222,0.0,6.19638617,0.0,"{57: 4, 6: 2, 53: 5}","[6, 53, 57]",62535574,La4C2I5
La5C2I9,mp-571432,1.4151999999999996,3.99710616,0.0,"{57: 5, 6: 2, 53: 9}","[6, 53, 57]",62539575,La5C2I9
Dy5C2I9,mp-570607,1.4272,2.79348921,0.0,"{66: 5, 6: 2, 53: 9}","[6, 53, 66]",62539665,Dy5C2I9
Cs2PtC2,mp-505825,1.2698,2.20073198,0.0,"{55: 2, 78: 1, 6: 2}","[6, 55, 78]",62552781,Cs2Pt1C2
LaC2,mp-2367,0.0,7.17532524,0.0,"{57: 1, 6: 2}","[6, 57]",62571,La1C2
Ce2WC2,mp-567492,0.0,8.54571238,0.0,"{58: 2, 74: 1, 6: 2}","[6, 58, 74]",62582741,Ce2W1C2
Ce2ReC2,mp-985704,0.0,7.82445866,0.0,"{58: 2, 75: 1, 6: 2}","[6, 58, 75]",62582751,Ce2Re1C2
Pr2WC2,mp-568326,0.0,5.35246996,0.0,"{59: 2, 74: 1, 6: 2}","[6, 59, 74]",62592741,Pr2W1C2
Pr2ReC2,mp-22561,0.0,4.86201156,0.0,"{59: 2, 75: 1, 6: 2}","[6, 59, 75]",62592751,Pr2Re1C2
Nd2WC2,mp-569275,0.0,5.24705243,0.0,"{60: 2, 74: 1, 6: 2}","[6, 60, 74]",62602741,Nd2W1C2
Nd2ReC2,mp-864686,0.0,4.73237874,0.0,"{60: 2, 75: 1, 6: 2}","[6, 60, 75]",62602751,Nd2Re1C2
Sm2ReC2,mp-978850,0.0,4.53111132,0.0,"{62: 2, 75: 1, 6: 2}","[6, 62, 75]",62622751,Sm2Re1C2
GdWC2,mp-1212572,0.0,5.8417714,0.0,"{64: 1, 74: 1, 6: 2}","[6, 64, 74]",62641741,Gd1W1C2
Gd2ReC2,mp-864979,0.0,4.55822558,0.0,"{64: 2, 75: 1, 6: 2}","[6, 64, 75]",62642751,Gd2Re1C2
TbWC2,mp-1190096,0.0,6.18789709,0.0,"{65: 1, 74: 1, 6: 2}","[6, 65, 74]",62651741,Tb1W1C2
Tb2ReC2,mp-972246,0.0,4.72745697,0.0,"{65: 2, 75: 1, 6: 2}","[6, 65, 75]",62652751,Tb2Re1C2
DyWC2,mp-1181428,0.0,6.19152726,0.0,"{66: 1, 74: 1, 6: 2}","[6, 66, 74]",62661741,Dy1W1C2
Dy2ReC2,mp-1188135,0.0,4.6739668,0.0,"{66: 2, 75: 1, 6: 2}","[6, 66, 75]",62662751,Dy2Re1C2
Dy2OsC2,mp-1213167,0.0,5.26732741,0.0,"{66: 2, 76: 1, 6: 2}","[6, 66, 76]",62662761,Dy2Os1C2
HoWC2,mp-1181041,0.0,6.14586204,0.0,"{67: 1, 74: 1, 6: 2}","[6, 67, 74]",62671741,Ho1W1C2
Ho2ReC2,mp-1184737,0.0,4.57274291,0.0,"{67: 2, 75: 1, 6: 2}","[6, 67, 75]",62672751,Ho2Re1C2
Ho2OsC2,mp-1212373,0.0,5.14728449,0.0,"{67: 2, 76: 1, 6: 2}","[6, 67, 76]",62672761,Ho2Os1C2
ErWC2,mp-1188587,0.0,6.17861882,0.0,"{68: 1, 74: 1, 6: 2}","[6, 68, 74]",62681741,Er1W1C2
Er2ReC2,mp-20799,0.0,4.58895175,0.0,"{68: 2, 75: 1, 6: 2}","[6, 68, 75]",62682751,Er2Re1C2
Er2OsC2,mp-1213006,0.0,5.16750197,0.0,"{68: 2, 76: 1, 6: 2}","[6, 68, 76]",62682761,Er2Os1C2
TmWC2,mp-1178946,0.0,6.16411307,0.0,"{69: 1, 74: 1, 6: 2}","[6, 69, 74]",62691741,Tm1W1C2
Tm2ReC2,mp-1105554,0.0,4.54135577,0.0,"{69: 2, 75: 1, 6: 2}","[6, 69, 75]",62692751,Tm2Re1C2
Lu2ReC2,mp-1188244,0.0,4.4922176,0.0,"{71: 2, 75: 1, 6: 2}","[6, 71, 75]",62712751,Lu2Re1C2
HfTaC2,mp-1224285,0.0,7.3546102,0.0,"{72: 1, 73: 1, 6: 2}","[6, 72, 73]",62721731,Hf1Ta1C2
HfUC2,mp-1224240,0.0,8.88995402,0.0,"{72: 1, 92: 1, 6: 2}","[6, 72, 92]",62721921,Hf1U1C2
UTaC2,mp-1216627,0.0,9.97370921,0.0,"{92: 1, 73: 1, 6: 2}","[6, 73, 92]",62731921,U1Ta1C2
UWC2,mp-652608,0.0,10.358126,0.0,"{92: 1, 74: 1, 6: 2}","[6, 74, 92]",62741921,U1W1C2
PuWC2,mp-1188092,0.0,10.21649784,0.0,"{94: 1, 74: 1, 6: 2}","[6, 74, 94]",62741941,Pu1W1C2
UReC2,mp-1105571,0.0,10.84104443,0.0,"{92: 1, 75: 1, 6: 2}","[6, 75, 92]",62751921,U1Re1C2
U2OsC2,mp-1069004,0.0,10.84527594,0.0,"{92: 2, 76: 1, 6: 2}","[6, 76, 92]",62761922,U2Os1C2
U2IrC2,mp-6940,0.0,10.95696501,0.0,"{92: 2, 77: 1, 6: 2}","[6, 77, 92]",62771922,U2Ir1C2
U2PtC2,mp-1068685,0.0,10.57503486,0.0,"{92: 2, 78: 1, 6: 2}","[6, 78, 92]",62781922,U2Pt1C2
Na3Ni2P2(CO7)2,mp-1176544,0.0,0.11700708,0.0,"{11: 3, 28: 2, 15: 2, 6: 2, 8: 14}","[6, 8, 11, 15, 28]",62814113152282,Na3Ni2P2C2O14
Dy7C2I12O,mp-1201241,0.027099999999999902,3.71480361,0.0,"{66: 7, 6: 2, 53: 12, 8: 1}","[6, 8, 53, 66]",62815312667,Dy7C2I12O1
KNa22C2S9ClO42,mp-23660,4.3544,5.23119247,0.0,"{19: 1, 11: 22, 6: 2, 16: 9, 17: 1, 8: 42}","[6, 8, 11, 16, 17, 19]",628421122169171191,K1Na22C2S9Cl1O42
NaLa(CO3)2,mp-559868,3.8584999999999994,2.53283661,0.0,"{11: 1, 57: 1, 6: 2, 8: 6}","[6, 8, 11, 57]",6286111571,Na1La1C2O6
NaCe(CO3)2,mp-1210295,0.2839999999999998,5.08501983,0.0,"{11: 1, 58: 1, 6: 2, 8: 6}","[6, 8, 11, 58]",6286111581,Na1Ce1C2O6
NaPr(CO3)2,mp-1210097,4.6376,6.09190345,0.0,"{11: 1, 59: 1, 6: 2, 8: 6}","[6, 8, 11, 59]",6286111591,Na1Pr1C2O6
NaNd(CO3)2,mp-1210138,4.6697,1.42198811,0.0,"{11: 1, 60: 1, 6: 2, 8: 6}","[6, 8, 11, 60]",6286111601,Na1Nd1C2O6
NaSm(CO3)2,mp-1210126,4.6763,6.16134568,0.0,"{11: 1, 62: 1, 6: 2, 8: 6}","[6, 8, 11, 62]",6286111621,Na1Sm1C2O6
Na2Mg(CO3)2,mp-6026,4.4192,1.33720201,0.0,"{11: 2, 12: 1, 6: 2, 8: 6}","[6, 8, 11, 12]",6286112121,Na2Mg1C2O6
Na3MgC2ClO6,mp-23653,4.1751,0.63853196,0.0,"{11: 3, 12: 1, 6: 2, 17: 1, 8: 6}","[6, 8, 11, 12, 17]",6286113121171,Na3Mg1C2Cl1O6
Na3MgC2BrO6,mp-646116,3.8547000000000002,0.72816207,0.0,"{11: 3, 12: 1, 6: 2, 35: 1, 8: 6}","[6, 8, 11, 12, 35]",6286113121351,Na3Mg1C2Br1O6
Na3CoC2ClO6,mp-1203077,2.7796000000000003,0.75719582,0.0,"{11: 3, 27: 1, 6: 2, 17: 1, 8: 6}","[6, 8, 11, 17, 27]",6286113171271,Na3Co1C2Cl1O6
K2Mg(CO3)2,mp-8127,4.0485999999999995,1.28584771,0.0,"{19: 2, 12: 1, 6: 2, 8: 6}","[6, 8, 12, 19]",6286121192,K2Mg1C2O6
CaMg(CO3)2,mp-6459,5.0091,1.68072922,0.0,"{20: 1, 12: 1, 6: 2, 8: 6}","[6, 8, 12, 20]",6286121201,Ca1Mg1C2O6
MgCd(CO3)2,mp-1222080,3.5248,4.98993896,0.0,"{12: 1, 48: 1, 6: 2, 8: 6}","[6, 8, 12, 48]",6286121481,Mg1Cd1C2O6
KNd(CO3)2,mp-557940,4.3598,0.57458656,0.0,"{19: 1, 60: 1, 6: 2, 8: 6}","[6, 8, 19, 60]",6286191601,K1Nd1C2O6
KSm(CO3)2,mp-1211301,4.3453,0.23815442,0.0,"{19: 1, 62: 1, 6: 2, 8: 6}","[6, 8, 19, 62]",6286191621,K1Sm1C2O6
KEu(CO3)2,mp-1211491,0.0,-0.05143077,0.0,"{19: 1, 63: 1, 6: 2, 8: 6}","[6, 8, 19, 63]",6286191631,K1Eu1C2O6
KGd(CO3)2,mp-9806,2.4574999999999996,0.28470586,0.0,"{19: 1, 64: 1, 6: 2, 8: 6}","[6, 8, 19, 64]",6286191641,K1Gd1C2O6
KTb(CO3)2,mp-1211249,4.4195,0.45001414,0.0,"{19: 1, 65: 1, 6: 2, 8: 6}","[6, 8, 19, 65]",6286191651,K1Tb1C2O6
KDy(CO3)2,mp-9807,4.2456,0.46445319,0.0,"{19: 1, 66: 1, 6: 2, 8: 6}","[6, 8, 19, 66]",6286191661,K1Dy1C2O6
KHo(CO3)2,mp-9804,4.2739,0.56483406,0.0,"{19: 1, 67: 1, 6: 2, 8: 6}","[6, 8, 19, 67]",6286191671,K1Ho1C2O6
KEr(CO3)2,mp-1211628,4.4873,0.50383092,0.0,"{19: 1, 68: 1, 6: 2, 8: 6}","[6, 8, 19, 68]",6286191681,K1Er1C2O6
KTm(CO3)2,mp-1211338,4.5095,0.47049655,0.0,"{19: 1, 69: 1, 6: 2, 8: 6}","[6, 8, 19, 69]",6286191691,K1Tm1C2O6
KLu(CO3)2,mp-1211517,4.5532,0.54470512,0.0,"{19: 1, 71: 1, 6: 2, 8: 6}","[6, 8, 19, 71]",6286191711,K1Lu1C2O6
K2Ca(CO3)2,mp-6494,4.353400000000001,0.83264609,0.0,"{19: 2, 20: 1, 6: 2, 8: 6}","[6, 8, 19, 20]",6286192201,K2Ca1C2O6
CaCd(CO3)2,mp-1227329,3.3362999999999996,1.10556625,0.0,"{20: 1, 48: 1, 6: 2, 8: 6}","[6, 8, 20, 48]",6286201481,Ca1Cd1C2O6
RbSm(CO3)2,mp-9842,4.1975999999999996,0.34219584,0.0,"{37: 1, 62: 1, 6: 2, 8: 6}","[6, 8, 37, 62]",6286371621,Rb1Sm1C2O6
CsPr(CO3)2,mp-18698,4.5623,0.64241106,0.0,"{55: 1, 59: 1, 6: 2, 8: 6}","[6, 8, 55, 59]",6286551591,Cs1Pr1C2O6
CsGd(CO3)2,mp-541789,2.7428999999999997,0.72540478,0.0,"{55: 1, 64: 1, 6: 2, 8: 6}","[6, 8, 55, 64]",6286551641,Cs1Gd1C2O6
Na2LuC2O6F,mp-1194897,4.8126999999999995,5.20148475,0.0,"{11: 2, 71: 1, 6: 2, 8: 6, 9: 1}","[6, 8, 9, 11, 71]",628691112711,Na2Lu1C2O6F1
ThC2,mp-7224,0.0,7.00809941,0.0,"{90: 1, 6: 2}","[6, 90]",62901,Th1C2
ThUC2,mp-1217323,0.0,9.18251315,0.0,"{90: 1, 92: 1, 6: 2}","[6, 90, 92]",62901921,Th1U1C2
UC2,mp-2486,0.0,10.56593398,0.0,"{92: 1, 6: 2}","[6, 92]",62921,U1C2
Ta4AlC3,mp-3802,0.0,7.69536188,0.0,"{73: 4, 13: 1, 6: 3}","[6, 13, 73]",63131734,Ta4Al1C3
Ti5Al2C3,mp-1079706,0.0,6.91314877,0.0,"{22: 5, 13: 2, 6: 3}","[6, 13, 22]",63132225,Ti5Al2C3
Th2Al2C3,mp-569564,0.0,7.68069491,0.0,"{90: 2, 13: 2, 6: 3}","[6, 13, 90]",63132902,Th2Al2C3
Sc(AlC)3,mp-4798,0.02230000000000043,7.46180409,0.0,"{21: 1, 13: 3, 6: 3}","[6, 13, 21]",63133211,Sc1Al3C3
Sc2Al3Mo4C3,mp-2646988,0.0,7.31339202,0.0,"{21: 2, 13: 3, 42: 4, 6: 3}","[6, 13, 21, 42]",63133212424,Sc2Al3Mo4C3
Gd(AlC)3,mp-1104806,0.0,6.49572231,0.0,"{64: 1, 13: 3, 6: 3}","[6, 13, 64]",63133641,Gd1Al3C3
Tb(AlC)3,mp-972049,0.0,6.70367524,0.0,"{65: 1, 13: 3, 6: 3}","[6, 13, 65]",63133651,Tb1Al3C3
Dy(AlC)3,mp-1104803,0.0,6.73163185,0.0,"{66: 1, 13: 3, 6: 3}","[6, 13, 66]",63133661,Dy1Al3C3
Ho(AlC)3,mp-973634,0.0,6.73380742,0.0,"{67: 1, 13: 3, 6: 3}","[6, 13, 67]",63133671,Ho1Al3C3
Er(AlC)3,mp-1104636,0.026099999999999568,6.79747373,0.0,"{68: 1, 13: 3, 6: 3}","[6, 13, 68]",63133681,Er1Al3C3
Tm(AlC)3,mp-979041,0.0528000000000004,6.81321437,0.0,"{69: 1, 13: 3, 6: 3}","[6, 13, 69]",63133691,Tm1Al3C3
Lu(AlC)3,mp-973586,0.1528999999999998,6.853481,0.0,"{71: 1, 13: 3, 6: 3}","[6, 13, 71]",63133711,Lu1Al3C3
U(AlC)3,mp-568155,0.0,9.85502303,0.0,"{92: 1, 13: 3, 6: 3}","[6, 13, 92]",63133921,U1Al3C3
Al4C3,mp-1591,1.3154000000000003,7.3085706,0.0,"{13: 4, 6: 3}","[6, 13]",63134,Al4C3
Ca3C3Cl2,mp-28160,1.2768000000000002,3.69129857,0.0,"{20: 3, 6: 3, 17: 2}","[6, 17, 20]",63172203,Ca3C3Cl2
Sc2CrC3,mp-608543,0.0,6.40746601,0.0,"{21: 2, 24: 1, 6: 3}","[6, 21, 24]",63212241,Sc2Cr1C3
Sc4C3,mp-15661,0.32870000000000044,5.66266003,0.0,"{21: 4, 6: 3}","[6, 21]",63214,Sc4C3
Ti4GaC3,mp-1217125,0.0,6.34458058,0.0,"{22: 4, 31: 1, 6: 3}","[6, 22, 31]",63224311,Ti4Ga1C3
Sm2Cr2C3,mp-1078035,0.0,5.20443201,0.0,"{62: 2, 24: 2, 6: 3}","[6, 24, 62]",63242622,Sm2Cr2C3
Gd2Cr2C3,mp-1078248,0.0,5.21491419,0.0,"{64: 2, 24: 2, 6: 3}","[6, 24, 64]",63242642,Gd2Cr2C3
Tb2Cr2C3,mp-1025266,0.0,5.45464316,0.0,"{65: 2, 24: 2, 6: 3}","[6, 24, 65]",63242652,Tb2Cr2C3
Dy2Cr2C3,mp-1025323,0.0,5.3961748,0.0,"{66: 2, 24: 2, 6: 3}","[6, 24, 66]",63242662,Dy2Cr2C3
Ho2Cr2C3,mp-8499,0.0,5.34563476,0.0,"{67: 2, 24: 2, 6: 3}","[6, 24, 67]",63242672,Ho2Cr2C3
Er2Cr2C3,mp-1078190,0.0,5.37003883,0.0,"{68: 2, 24: 2, 6: 3}","[6, 24, 68]",63242682,Er2Cr2C3
Tm2Cr2C3,mp-1025181,0.0,5.30489916,0.0,"{69: 2, 24: 2, 6: 3}","[6, 24, 69]",63242692,Tm2Cr2C3
Lu2Cr2C3,mp-1025175,0.0,5.26249324,0.0,"{71: 2, 24: 2, 6: 3}","[6, 24, 71]",63242712,Lu2Cr2C3
Cr7C3,mp-1196316,0.0,8.13538887,0.0,"{24: 7, 6: 3}","[6, 24]",63247,Cr7C3
Gd2Mn17C3,mp-1193010,0.0,5.97660742,0.0,"{64: 2, 25: 17, 6: 3}","[6, 25, 64]",632517642,Gd2Mn17C3
U2NiC3,mp-1208034,0.0,11.3690491,0.0,"{92: 2, 28: 1, 6: 3}","[6, 28, 92]",63281922,U2Ni1C3
La2Ni5C3,mp-615459,0.0,8.47129874,0.0,"{57: 2, 28: 5, 6: 3}","[6, 28, 57]",63285572,La2Ni5C3
Ce2Ni5C3,mp-1189522,0.0,7.8652752,0.0,"{58: 2, 28: 5, 6: 3}","[6, 28, 58]",63285582,Ce2Ni5C3
Pr7C3Br10,mp-1202671,0.10239999999999982,3.49774496,0.0,"{59: 7, 6: 3, 35: 10}","[6, 35, 59]",633510597,Pr7C3Br10
Ce2Mo2C3,mp-13263,0.0,8.22410377,0.0,"{58: 2, 42: 2, 6: 3}","[6, 42, 58]",63422582,Ce2Mo2C3
Pr2Mo2C3,mp-31225,0.0,6.03666041,0.0,"{59: 2, 42: 2, 6: 3}","[6, 42, 59]",63422592,Pr2Mo2C3
Sm2Mo2C3,mp-13264,0.0,5.51892796,0.0,"{62: 2, 42: 2, 6: 3}","[6, 42, 62]",63422622,Sm2Mo2C3
Gd2Mo2C3,mp-12039,0.0,5.42908747,0.0,"{64: 2, 42: 2, 6: 3}","[6, 42, 64]",63422642,Gd2Mo2C3
Tb2Mo2C3,mp-1025326,0.0,5.66339827,0.0,"{65: 2, 42: 2, 6: 3}","[6, 42, 65]",63422652,Tb2Mo2C3
Dy2Mo2C3,mp-1025363,0.0,5.64377658,0.0,"{66: 2, 42: 2, 6: 3}","[6, 42, 66]",63422662,Dy2Mo2C3
Ho2Mo2C3,mp-5051,0.0,5.59896394,0.0,"{67: 2, 42: 2, 6: 3}","[6, 42, 67]",63422672,Ho2Mo2C3
Er2Mo2C3,mp-3776,0.0,5.63080968,0.0,"{68: 2, 42: 2, 6: 3}","[6, 42, 68]",63422682,Er2Mo2C3
Tm2Mo2C3,mp-1025369,0.0,5.6307779,0.0,"{69: 2, 42: 2, 6: 3}","[6, 42, 69]",63422692,Tm2Mo2C3
Lu2Mo2C3,mp-973756,0.0,5.64301617,0.0,"{71: 2, 42: 2, 6: 3}","[6, 42, 71]",63422712,Lu2Mo2C3
La7C3I10,mp-567729,0.0,5.84666921,0.0,"{57: 7, 6: 3, 53: 10}","[6, 53, 57]",635310577,La7C3I10
Ce7C3I10,mp-568922,0.0,6.22481244,0.0,"{58: 7, 6: 3, 53: 10}","[6, 53, 58]",635310587,Ce7C3I10
Pr7C3I10,mp-645425,0.012199999999999989,4.4043765,0.0,"{59: 7, 6: 3, 53: 10}","[6, 53, 59]",635310597,Pr7C3I10
La2C3,mp-1184,0.0,8.63082749,0.0,"{57: 2, 6: 3}","[6, 57]",63572,La2C3
Ce2C3,mp-20181,0.0,8.34326891,0.0,"{58: 2, 6: 3}","[6, 58]",63582,Ce2C3
Pr2C3,mp-683,0.0,5.22490877,0.0,"{59: 2, 6: 3}","[6, 59]",63592,Pr2C3
Nd2C3,mp-1800,0.0,5.16620061,0.0,"{60: 2, 6: 3}","[6, 60]",63602,Nd2C3
Sm2C3,mp-569335,0.0,4.94781057,0.0,"{62: 2, 6: 3}","[6, 62]",63622,Sm2C3
Gd2C3,mp-1189998,0.0,4.92997471,0.0,"{64: 2, 6: 3}","[6, 64]",63642,Gd2C3
U2Re2C3,mp-1025230,0.0,10.4491844,0.0,"{92: 2, 75: 2, 6: 3}","[6, 75, 92]",63752922,U2Re2C3
K3NaUC3O11,mp-557407,2.1423,-0.46429334,0.0,"{19: 3, 11: 1, 92: 1, 6: 3, 8: 11}","[6, 8, 11, 19, 92]",63811111193921,K3Na1U1C3O11
Na4UC3O11,mp-6046,2.1523000000000003,0.41399235,0.0,"{11: 4, 92: 1, 6: 3, 8: 11}","[6, 8, 11, 92]",63811114921,Na4U1C3O11
K4UC3O11,mp-6194,2.0892,-0.16538717,0.0,"{19: 4, 92: 1, 6: 3, 8: 11}","[6, 8, 19, 92]",63811194921,K4U1C3O11
Rb4UC3O11,mp-1209486,2.1677999999999997,-0.3646194,0.0,"{37: 4, 92: 1, 6: 3, 8: 11}","[6, 8, 37, 92]",63811374921,Rb4U1C3O11
Cs4UC3O11,mp-573096,2.0837000000000003,0.1634634,0.0,"{55: 4, 92: 1, 6: 3, 8: 11}","[6, 8, 55, 92]",63811554921,Cs4U1C3O11
UTl4C3O11,mp-18136,1.7982999999999998,1.52239999,0.0,"{92: 1, 81: 4, 6: 3, 8: 11}","[6, 8, 81, 92]",63811814921,U1Tl4C3O11
CsOsC3(ClO)3,mp-1196677,3.6727000000000003,2.56269353,0.0,"{55: 1, 76: 1, 6: 3, 17: 3, 8: 3}","[6, 8, 17, 55, 76]",6383173551761,Cs1Os1C3Cl3O3
OsC3I2O3,mp-616196,1.7955999999999999,1.01194545,0.0,"{76: 1, 6: 3, 53: 2, 8: 3}","[6, 8, 53, 76]",6383532761,Os1C3I2O3
Na2Ca2(CO3)3,mp-557391,4.7886999999999995,0.97599261,0.0,"{11: 2, 20: 2, 6: 3, 8: 9}","[6, 8, 11, 20]",6389112202,Na2Ca2C3O9
Na3Eu(CO3)3,mp-555099,0.0,0.30335018,0.0,"{11: 3, 63: 1, 6: 3, 8: 9}","[6, 8, 11, 63]",6389113631,Na3Eu1C3O9
Na3Gd(CO3)3,mp-1194955,0.0,0.29492036,0.0,"{11: 3, 64: 1, 6: 3, 8: 9}","[6, 8, 11, 64]",6389113641,Na3Gd1C3O9
Na4LuC3O9F,mp-1194756,4.533600000000001,0.51872933,0.0,"{11: 4, 71: 1, 6: 3, 8: 9, 9: 1}","[6, 8, 9, 11, 71]",638991114711,Na4Lu1C3O9F1
K2Pb3C3O9F2,mp-1194624,3.2868999999999997,1.54331047,0.0,"{19: 2, 82: 3, 6: 3, 8: 9, 9: 2}","[6, 8, 9, 19, 82]",638992192823,K2Pb3C3O9F2
Th2C3,mp-1188514,0.0,8.0943384,0.0,"{90: 2, 6: 3}","[6, 90]",63902,Th2C3
Th4C3,mp-1217395,0.0,7.19472132,0.0,"{90: 4, 6: 3}","[6, 90]",63904,Th4C3
U2C3,mp-2625,0.0,11.56936032,0.0,"{92: 2, 6: 3}","[6, 92]",63922,U2C3
Zr2Al3C4,mp-567748,0.0,7.90374828,0.0,"{40: 2, 13: 3, 6: 4}","[6, 13, 40]",64133402,Zr2Al3C4
Hf2Al3C4,mp-570784,0.0,8.4806581,0.0,"{72: 2, 13: 3, 6: 4}","[6, 13, 72]",64133722,Hf2Al3C4
U2Al3C4,mp-8894,0.0,10.21003986,0.0,"{92: 2, 13: 3, 6: 4}","[6, 13, 92]",64133922,U2Al3C4
Th(AlC)4,mp-15123,0.0,7.8476204,0.0,"{90: 1, 13: 4, 6: 4}","[6, 13, 90]",64134901,Th1Al4C4
Cs3Tb10C4Cl21,mp-571397,0.6788000000000003,2.16326039,0.0,"{55: 3, 65: 10, 6: 4, 17: 21}","[6, 17, 55, 65]",6417215536510,Cs3Tb10C4Cl21
Sc3C4,mp-28733,0.0,5.48337016,0.0,"{21: 3, 6: 4}","[6, 21]",64213,Sc3C4
Sc3CoC4,mp-5075,0.0,6.17619517,0.0,"{21: 3, 27: 1, 6: 4}","[6, 21, 27]",64213271,Sc3Co1C4
Sc3NiC4,mp-1025464,0.0,6.59140854,0.0,"{21: 3, 28: 1, 6: 4}","[6, 21, 28]",64213281,Sc3Ni1C4
Sc3RuC4,mp-1179515,0.0,6.64746937,0.0,"{21: 3, 44: 1, 6: 4}","[6, 21, 44]",64213441,Sc3Ru1C4
Sc3OsC4,mp-867215,0.0,6.79325955,0.0,"{21: 3, 76: 1, 6: 4}","[6, 21, 76]",64213761,Sc3Os1C4
U(CrC)4,mp-2971,0.0,8.79325192,0.0,"{92: 1, 24: 4, 6: 4}","[6, 24, 92]",64244921,U1Cr4C4
Gd4Ni13C4,mp-866397,0.0,6.25354455,0.0,"{64: 4, 28: 13, 6: 4}","[6, 28, 64]",642813644,Gd4Ni13C4
Tb4Ni13C4,mp-1191040,0.0,6.44354753,0.0,"{65: 4, 28: 13, 6: 4}","[6, 28, 65]",642813654,Tb4Ni13C4
Dy4Ni13C4,mp-1190673,0.0,6.46051088,0.0,"{66: 4, 28: 13, 6: 4}","[6, 28, 66]",642813664,Dy4Ni13C4
Ho4Ni13C4,mp-863728,0.0,6.37884731,0.0,"{67: 4, 28: 13, 6: 4}","[6, 28, 67]",642813674,Ho4Ni13C4
Er4Ni13C4,mp-28147,0.0,6.43643648,0.0,"{68: 4, 28: 13, 6: 4}","[6, 28, 68]",642813684,Er4Ni13C4
Tm4Ni13C4,mp-1191950,0.0,6.41729752,0.0,"{69: 4, 28: 13, 6: 4}","[6, 28, 69]",642813694,Tm4Ni13C4
Lu4Ni13C4,mp-865141,0.0,6.50412754,0.0,"{71: 4, 28: 13, 6: 4}","[6, 28, 71]",642813714,Lu4Ni13C4
Pr10C4Br15,mp-862839,0.0,3.47883495,0.0,"{59: 10, 6: 4, 35: 15}","[6, 35, 59]",6435155910,Pr10C4Br15
Rb2Tb10C4Br19,mp-569962,0.1554000000000002,2.46764481,0.0,"{37: 2, 65: 10, 6: 4, 35: 19}","[6, 35, 37, 65]",6435193726510,Rb2Tb10C4Br19
Ce4C4Br3,mp-569330,0.0,5.92961965,0.0,"{58: 4, 6: 4, 35: 3}","[6, 35, 58]",64353584,Ce4C4Br3
La10C4I15,mp-567775,0.0,5.85896706,0.0,"{57: 10, 6: 4, 53: 15}","[6, 53, 57]",6453155710,La10C4I15
CsEr10(C2I9)2,mp-1196026,0.2905000000000002,3.60117355,0.0,"{55: 1, 68: 10, 6: 4, 53: 18}","[6, 53, 55, 68]",6453185516810,Cs1Er10C4I18
Dy3C4,mp-1213387,0.0,4.43242733,0.0,"{66: 3, 6: 4}","[6, 66]",64663,Dy3C4
Ho3C4,mp-1202754,0.0,4.33635642,0.0,"{67: 3, 6: 4}","[6, 67]",64673,Ho3C4
Er3C4,mp-1203719,0.0,4.36326579,0.0,"{68: 3, 6: 4}","[6, 68]",64683,Er3C4
Tm3C4,mp-1205180,0.0,4.34193669,0.0,"{69: 3, 6: 4}","[6, 69]",64693,Tm3C4
Lu3C4,mp-1203767,0.0,4.35328208,0.0,"{71: 3, 6: 4}","[6, 71]",64713,Lu3C4
Na4V2C4SO16,mp-850995,1.5699,0.72969644,0.0,"{11: 4, 23: 2, 6: 4, 16: 1, 8: 16}","[6, 8, 11, 16, 23]",64816114161232,Na4V2C4S1O16
Na4Zr2Ti(CO4)4,mp-560843,3.1442000000000005,1.1711949,0.0,"{11: 4, 40: 2, 22: 1, 6: 4, 8: 16}","[6, 8, 11, 22, 40]",64816114221402,Na4Zr2Ti1C4O16
Na6Mg2C4SO16,mp-6892,4.5304,1.02513954,0.0,"{11: 6, 12: 2, 6: 4, 16: 1, 8: 16}","[6, 8, 11, 12, 16]",64816116122161,Na6Mg2C4S1O16
Na6V2C4SO16,mp-850796,2.4345,2.6345248,0.0,"{11: 6, 23: 2, 6: 4, 16: 1, 8: 16}","[6, 8, 11, 16, 23]",64816116161232,Na6V2C4S1O16
Na6Mn2C4SO16,mp-770525,3.8957000000000006,1.28482418,0.0,"{11: 6, 25: 2, 6: 4, 16: 1, 8: 16}","[6, 8, 11, 16, 25]",64816116161252,Na6Mn2C4S1O16
Na6Co2C4SO16,mp-780164,2.7228000000000003,1.23864604,0.0,"{11: 6, 27: 2, 6: 4, 16: 1, 8: 16}","[6, 8, 11, 16, 27]",64816116161272,Na6Co2C4S1O16
Na6Ni2C4SO16,mp-776196,3.247,1.39150484,0.0,"{11: 6, 28: 2, 6: 4, 16: 1, 8: 16}","[6, 8, 11, 16, 28]",64816116161282,Na6Ni2C4S1O16
Zr3Al3C5,mp-570419,0.0,7.53743403,0.0,"{40: 3, 13: 3, 6: 5}","[6, 13, 40]",65133403,Zr3Al3C5
Hf3Al3C5,mp-642493,0.0,8.13822659,0.0,"{72: 3, 13: 3, 6: 5}","[6, 13, 72]",65133723,Hf3Al3C5
Ca4Ni3C5,mp-28742,0.0,4.60104694,0.0,"{20: 4, 28: 3, 6: 5}","[6, 20, 28]",65204283,Ca4Ni3C5
Ti8C5,mp-27919,0.0,6.20072789,0.0,"{22: 8, 6: 5}","[6, 22]",65228,Ti8C5
V6C5,mp-28731,0.0,7.44154974,0.0,"{23: 6, 6: 5}","[6, 23]",65236,V6C5
Er4Ni2C5,mp-1206215,0.0,5.25140887,0.0,"{68: 4, 28: 2, 6: 5}","[6, 28, 68]",65282684,Er4Ni2C5
Tm4Ni2C5,mp-1205529,0.0,5.2525187,0.0,"{69: 4, 28: 2, 6: 5}","[6, 28, 69]",65282694,Tm4Ni2C5
Lu4Ni2C5,mp-1207163,0.0,5.29221551,0.0,"{71: 4, 28: 2, 6: 5}","[6, 28, 71]",65282714,Lu4Ni2C5
Nb6C5,mp-2760,0.0,6.95372752,0.0,"{41: 6, 6: 5}","[6, 41]",65416,Nb6C5
Tb4C5,mp-15237,0.0,4.18825079,0.0,"{65: 4, 6: 5}","[6, 65]",65654,Tb4C5
Dy4C5,mp-1212812,0.0,4.21855848,0.0,"{66: 4, 6: 5}","[6, 66]",65664,Dy4C5
Ho4C5,mp-15238,0.0,4.07219986,0.0,"{67: 4, 6: 5}","[6, 67]",65674,Ho4C5
Na2CaPb3(CO3)5,mp-1221844,3.7438000000000002,2.37338646,0.0,"{11: 2, 20: 1, 82: 3, 6: 5, 8: 15}","[6, 8, 11, 20, 82]",65815112201823,Na2Ca1Pb3C5O15
Zr4(AlC2)3,mp-569326,0.0,6.81365885,0.0,"{40: 4, 13: 3, 6: 6}","[6, 13, 40]",66133404,Zr4Al3C6
Gd5(C2Cl)3,mp-866789,0.0,4.18506887,0.0,"{64: 5, 6: 6, 17: 3}","[6, 17, 64]",66173645,Gd5C6Cl3
Cr21(MoC3)2,mp-641573,0.0,7.78723334,0.0,"{24: 21, 42: 2, 6: 6}","[6, 24, 42]",662421422,Cr21Mo2C6
Cr21(WC3)2,mp-641575,0.0,7.62595406,0.0,"{24: 21, 74: 2, 6: 6}","[6, 24, 74]",662421742,Cr21W2C6
Cr23C6,mp-723,0.0,7.66645436,0.0,"{24: 23, 6: 6}","[6, 24]",662423,Cr23C6
Mn23C6,mp-542830,0.0,7.19436946,0.0,"{25: 23, 6: 6}","[6, 25]",662523,Mn23C6
Gd3(MnC3)2,mp-28826,0.0,5.28689164,0.0,"{64: 3, 25: 2, 6: 6}","[6, 25, 64]",66252643,Gd3Mn2C6
Tb3(MnC3)2,mp-28827,0.0,5.49533953,0.0,"{65: 3, 25: 2, 6: 6}","[6, 25, 65]",66252653,Tb3Mn2C6
Lu11(Ni10C)6,mp-1203980,0.025900000000000034,6.81030376,0.0,"{71: 11, 28: 60, 6: 6}","[6, 28, 71]",6628607111,Lu11Ni60C6
Ce5(C2Br)3,mp-1193043,0.0,6.06161336,0.0,"{58: 5, 6: 6, 35: 3}","[6, 35, 58]",66353585,Ce5C6Br3
Pr5(C2Br)3,mp-1209658,0.0,3.95492887,0.0,"{59: 5, 6: 6, 35: 3}","[6, 35, 59]",66353595,Pr5C6Br3
SrC6,mp-1208630,0.0,5.79066679,0.0,"{38: 1, 6: 6}","[6, 38]",66381,Sr1C6
La12C6I17,mp-571323,0.025599999999999845,5.28715197,0.0,"{57: 12, 6: 6, 53: 17}","[6, 53, 57]",6653175712,La12C6I17
Ce12C6I17,mp-684020,0.0,5.34724857,0.0,"{58: 12, 6: 6, 53: 17}","[6, 53, 58]",6653175812,Ce12C6I17
Pr12C6I17,mp-23409,0.0,3.7653886,0.0,"{59: 12, 6: 6, 53: 17}","[6, 53, 59]",6653175912,Pr12C6I17
Nd12C6I17,mp-571309,0.0,3.82763694,0.0,"{60: 12, 6: 6, 53: 17}","[6, 53, 60]",6653176012,Nd12C6I17
EuC6,mp-1103990,0.0,5.58802839,0.0,"{63: 1, 6: 6}","[6, 63]",66631,Eu1C6
Na6Ca3MnC6(O9F)2,mp-766470,4.3288,1.13767662,0.0,"{11: 6, 20: 3, 25: 1, 6: 6, 8: 18, 9: 2}","[6, 8, 9, 11, 20, 25]",6681892116203251,Na6Ca3Mn1C6O18F2
Sc5Re2C7,mp-28767,0.0,6.26367913,0.0,"{21: 5, 75: 2, 6: 7}","[6, 21, 75]",67215752,Sc5Re2C7
Ho4C7,mp-1154,0.4560999999999993,4.11175782,0.0,"{67: 4, 6: 7}","[6, 67]",67674,Ho4C7
Er4C7,mp-1212833,0.39120000000000044,4.02005353,0.0,"{68: 4, 6: 7}","[6, 68]",67684,Er4C7
Er5Re2C7,mp-1213155,0.0,5.35929898,0.0,"{68: 5, 75: 2, 6: 7}","[6, 68, 75]",67685752,Er5Re2C7
Tm4C7,mp-1207978,0.3698000000000006,4.01823032,0.0,"{69: 4, 6: 7}","[6, 69]",67694,Tm4C7
Tm5Re2C7,mp-1207951,0.0,5.32919934,0.0,"{69: 5, 75: 2, 6: 7}","[6, 69, 75]",67695752,Tm5Re2C7
Lu4C7,mp-15178,0.0,4.00163089,0.0,"{71: 4, 6: 7}","[6, 71]",67714,Lu4C7
Lu5Re2C7,mp-1104880,0.0,5.41265141,0.0,"{71: 5, 75: 2, 6: 7}","[6, 71, 75]",67715752,Lu5Re2C7
Al3(V3C2)4,mp-1214915,0.0,7.3558274,0.0,"{13: 3, 23: 12, 6: 8}","[6, 13, 23]",681332312,Al3V12C8
Ce8C8Cl5,mp-583042,0.0,7.18802413,0.0,"{58: 8, 6: 8, 17: 5}","[6, 17, 58]",68175588,Ce8C8Cl5
Pr8C8Cl5,mp-1196511,0.0,4.65003326,0.0,"{59: 8, 6: 8, 17: 5}","[6, 17, 59]",68175598,Pr8C8Cl5
KC8,mp-28930,0.0,4.35346854,0.0,"{19: 1, 6: 8}","[6, 19]",68191,K1C8
Ca11Sn3C8,mp-1198370,0.6589000000000005,3.89929658,0.0,"{20: 11, 50: 3, 6: 8}","[6, 20, 50]",682011503,Ca11Sn3C8
RbC8,mp-568643,0.0,4.13407378,0.0,"{37: 1, 6: 8}","[6, 37]",68371,Rb1C8
CsC8,mp-28861,0.0,4.31819688,0.0,"{55: 1, 6: 8}","[6, 55]",68551,Cs1C8
U5Re3C8,mp-680561,0.0,10.71616156,0.0,"{92: 5, 75: 3, 6: 8}","[6, 75, 92]",68753925,U5Re3C8
Zr10C9,mp-684623,0.0,5.18821097,0.0,"{40: 10, 6: 9}","[6, 40]",694010,Zr10C9
La7Os4C9,mp-570292,0.0,8.02652716,0.0,"{57: 7, 76: 4, 6: 9}","[6, 57, 76]",69577764,La7Os4C9
